2004/01/05,000000,06,09,12,13,33,39,21
2004/01/08,000000,16,21,27,30,31,47,35
2004/01/12,000000,02,04,25,26,34,43,41
2004/01/15,000000,18,19,28,29,30,34,12
2004/01/19,000000,14,15,20,29,32,39,43
2004/01/22,000000,13,28,29,32,33,34,43
2004/01/26,000000,02,06,13,34,40,44,14
2004/01/29,000000,22,29,34,36,44,46,37
2004/02/02,000000,04,06,11,22,42,48,23
2004/02/05,000000,17,22,26,29,37,43,31
2004/02/09,000000,14,17,20,25,43,48,15
2004/02/12,000000,01,02,26,31,39,40,38
2004/02/16,000000,07,13,18,19,25,37,14
2004/02/19,000000,04,21,25,32,37,43,02
2004/02/23,000000,03,06,17,23,28,32,45
2004/02/26,000000,08,12,23,24,45,46,36
2004/03/01,000000,01,11,17,25,41,45,32
2004/03/04,000000,12,15,22,23,41,48,17
2004/03/08,000000,08,12,17,18,19,34,37
2004/03/11,000000,08,14,21,22,30,31,48
2004/03/15,000000,01,02,07,26,38,43,04
2004/03/18,000000,06,16,20,25,33,46,12
2004/03/22,000000,02,12,14,30,41,46,29
2004/03/25,000000,11,17,21,36,43,49,05
2004/03/29,000000,11,13,15,21,35,38,37
2004/04/01,000000,03,07,42,45,46,49,08
2004/04/05,000000,16,24,25,26,39,44,30
2004/04/08,000000,05,14,26,38,41,43,04
2004/04/12,000000,24,25,26,30,36,48,45
2004/04/15,000000,13,14,20,30,37,45,01
2004/04/19,000000,13,17,19,26,39,45,11
2004/04/22,000000,03,11,19,20,22,28,13
2004/04/26,000000,22,25,29,31,34,46,49
2004/04/29,000000,01,10,13,33,34,46,07
2004/05/03,000000,03,09,13,28,40,48,39
2004/05/06,000000,06,27,40,44,45,47,11
2004/05/10,000000,03,04,10,23,25,26,33
2004/05/13,000000,04,10,11,14,32,36,09
2004/05/17,000000,02,04,18,20,32,49,30
2004/05/20,000000,06,28,30,34,43,46,09
2004/05/24,000000,01,16,17,30,36,49,44
2004/05/27,000000,06,22,27,34,42,44,36
2004/05/31,000000,01,17,30,31,32,45,33
2004/06/03,000000,01,04,31,32,34,35,33
2004/06/07,000000,06,15,25,37,41,49,03
2004/06/10,000000,02,10,16,22,30,33,41
2004/06/14,000000,05,12,41,43,45,46,33
2004/06/17,000000,05,11,30,34,44,48,40
2004/06/21,000000,06,09,11,17,22,36,44
2004/06/24,000000,11,17,29,36,44,49,33
2004/06/28,000000,12,17,19,22,27,42,48
2004/07/01,000000,06,10,11,16,29,44,37
2004/07/05,000000,07,19,27,31,42,46,39
2004/07/08,000000,04,05,07,13,24,30,49
2004/07/12,000000,03,04,08,25,36,42,32
2004/07/15,000000,02,05,32,38,42,49,44
2004/07/19,000000,02,03,07,26,30,49,06
2004/07/22,000000,11,15,24,27,37,46,01
2004/07/26,000000,01,15,28,38,41,42,24
2004/07/29,000000,20,31,33,40,42,46,30
2004/08/02,000000,03,11,19,21,40,42,14
2004/08/05,000000,13,14,21,24,27,30,20
2004/08/09,000000,05,17,19,26,28,43,25
2004/08/12,000000,11,16,27,33,34,40,07
2004/08/16,000000,05,06,11,16,19,42,10
2004/08/19,000000,10,22,31,32,41,48,24
2004/08/23,000000,13,29,31,38,45,46,43
2004/08/26,000000,14,31,34,37,42,48,29
2004/08/30,000000,04,22,28,29,44,47,32
2004/09/02,000000,09,16,18,32,41,47,46
2004/09/06,000000,12,25,26,31,36,42,29
2004/09/09,000000,07,13,14,20,21,49,34
2004/09/13,000000,08,10,11,21,23,44,42
2004/09/16,000000,07,19,26,37,38,46,29
2004/09/20,000000,05,06,08,09,10,43,13
2004/09/23,000000,01,15,16,33,35,48,10
2004/09/27,000000,26,27,40,41,42,43,28
2004/09/30,000000,07,13,15,20,22,47,19
2004/10/04,000000,12,15,21,23,25,35,24
2004/10/07,000000,03,06,19,22,31,32,05
2004/10/11,000000,01,07,10,32,42,45,26
2004/10/14,000000,04,23,36,39,45,47,25
2004/10/18,000000,10,21,23,25,38,42,33
2004/10/21,000000,03,10,20,21,24,48,26
2004/10/25,000000,06,13,30,34,38,44,48
2004/10/28,000000,10,12,13,24,31,40,47
2004/11/01,000000,01,10,25,28,38,49,23
2004/11/04,000000,23,26,31,33,36,38,21
2004/11/08,000000,12,24,25,27,34,36,39
2004/11/11,000000,09,12,17,28,40,43,13
2004/11/15,000000,08,11,14,17,23,33,30
2004/11/18,000000,07,11,20,38,39,45,30
2004/11/22,000000,02,14,27,28,44,49,30
2004/11/25,000000,03,04,09,10,27,31,26
2004/11/29,000000,04,12,23,30,35,48,46
2004/12/02,000000,05,16,23,28,38,47,49
2004/12/06,000000,02,08,11,12,26,35,47
2004/12/09,000000,16,28,35,44,46,48,26
2004/12/13,000000,05,15,24,37,38,39,06
2004/12/16,000000,02,12,18,22,34,36,08
2004/12/20,000000,03,04,13,26,39,42,18
2004/12/23,000000,03,05,18,23,40,45,41
2004/12/27,000000,01,08,16,22,24,30,14
2004/12/30,000000,03,18,33,34,43,49,02
2005/01/03,000000,05,10,27,37,39,46,08
2005/01/06,000000,06,23,39,45,46,47,18
2005/01/10,000000,01,03,14,17,36,49,10
2005/01/13,000000,01,02,15,21,31,35,33
2005/01/17,000000,07,14,16,38,45,49,25
2005/01/20,000000,01,23,26,27,33,41,18
2005/01/24,000000,14,17,30,31,36,47,28
2005/01/27,000000,03,25,39,44,45,48,13
2005/01/31,000000,02,17,31,35,37,46,03
2005/02/03,000000,07,08,19,30,43,48,49
2005/02/07,000000,11,31,41,44,47,49,25
2005/02/10,000000,19,26,28,33,38,46,48
2005/02/14,000000,05,07,24,26,30,47,36
2005/02/17,000000,12,14,21,23,25,30,03
2005/02/21,000000,06,11,21,22,35,41,27
2005/02/24,000000,02,04,36,41,42,48,34
2005/02/28,000000,14,21,25,27,43,47,05
2005/03/03,000000,25,28,31,32,34,36,43
2005/03/07,000000,01,06,16,34,36,40,38
2005/03/10,000000,01,03,16,31,42,48,23
2005/03/14,000000,05,12,19,21,33,42,09
2005/03/17,000000,07,10,12,22,30,34,08
2005/03/21,000000,02,05,06,19,38,45,01
2005/03/24,000000,07,10,23,44,45,47,38
2005/03/28,000000,01,02,09,25,28,44,42
2005/03/31,000000,20,22,28,38,41,47,25
2005/04/04,000000,05,15,28,29,33,40,26
2005/04/07,000000,05,15,23,29,31,44,17
2005/04/11,000000,02,06,09,24,27,45,49
2005/04/14,000000,18,20,25,36,48,49,21
2005/04/18,000000,11,20,40,41,45,49,36
2005/04/21,000000,04,05,22,33,36,43,26
2005/04/25,000000,01,16,25,34,36,38,41
2005/04/28,000000,04,05,15,20,29,39,34
2005/05/02,000000,01,03,29,35,43,47,40
2005/05/05,000000,05,14,18,34,44,47,10
2005/05/09,000000,01,02,07,09,16,29,15
2005/05/12,000000,15,28,29,31,32,47,18
2005/05/16,000000,01,06,11,37,41,44,04
2005/05/19,000000,02,04,14,24,27,46,28
2005/05/23,000000,02,08,09,10,21,31,44
2005/05/26,000000,03,09,16,18,41,48,22
2005/05/30,000000,04,08,11,15,16,25,43
2005/06/02,000000,04,15,21,30,41,46,48
2005/06/06,000000,03,04,09,10,28,45,37
2005/06/09,000000,04,06,13,22,30,44,05
2005/06/13,000000,09,14,25,31,36,46,40
2005/06/16,000000,08,12,16,25,28,45,49
2005/06/20,000000,04,20,22,28,47,48,43
2005/06/23,000000,04,10,18,34,40,43,03
2005/06/27,000000,10,17,22,37,43,49,08
2005/06/30,000000,02,04,05,09,35,45,48
2005/07/04,000000,02,15,17,31,32,38,11
2005/07/07,000000,06,12,21,27,36,48,18
2005/07/11,000000,01,11,14,18,35,43,25
2005/07/14,000000,03,22,31,43,46,47,14
2005/07/18,000000,07,11,13,25,30,40,06
2005/07/21,000000,11,22,26,28,33,37,42
2005/07/25,000000,05,12,25,27,41,44,18
2005/07/28,000000,09,14,24,27,37,41,12
2005/08/01,000000,02,13,16,36,44,47,21
2005/08/04,000000,09,20,26,29,40,41,21
2005/08/08,000000,24,28,37,38,43,45,18
2005/08/11,000000,09,20,22,31,45,46,03
2005/08/15,000000,13,15,33,37,38,41,47
2005/08/18,000000,03,08,11,36,38,49,19
2005/08/22,000000,17,18,23,24,25,28,41
2005/08/25,000000,02,04,06,21,25,46,28
2005/08/29,000000,09,10,36,40,42,43,41
2005/09/01,000000,06,12,20,43,47,48,41
2005/09/05,000000,05,08,22,26,27,44,10
2005/09/08,000000,03,10,11,36,37,45,29
2005/09/12,000000,04,24,28,30,35,39,19
2005/09/15,000000,04,15,23,41,44,45,46
2005/09/19,000000,03,26,29,38,43,45,28
2005/09/22,000000,02,11,35,37,48,49,05
2005/09/26,000000,04,18,26,37,41,44,06
2005/09/29,000000,01,08,19,23,38,40,05
2005/10/03,000000,03,15,16,25,40,48,18
2005/10/06,000000,02,08,24,28,31,48,15
2005/10/10,000000,06,11,23,29,45,49,26
2005/10/13,000000,03,11,26,43,46,48,05
2005/10/17,000000,27,30,35,39,43,47,25
2005/10/20,000000,11,13,14,21,42,47,22
2005/10/24,000000,07,08,17,22,27,44,28
2005/10/27,000000,06,08,23,26,28,36,37
2005/10/31,000000,05,10,22,26,31,48,41
2005/11/03,000000,06,08,17,19,30,47,23
2005/11/07,000000,16,17,23,32,42,48,02
2005/11/10,000000,04,07,19,30,36,46,48
2005/11/14,000000,02,13,29,39,44,49,35
2005/11/17,000000,02,03,04,17,27,39,15
2005/11/21,000000,07,13,23,33,34,42,30
2005/11/24,000000,09,11,30,41,47,49,04
2005/11/28,000000,02,14,23,25,26,40,06
2005/12/01,000000,07,30,38,39,40,43,13
2005/12/05,000000,25,31,34,40,41,47,15
2005/12/08,000000,13,18,26,28,35,48,42
2005/12/12,000000,26,28,29,30,36,37,18
2005/12/15,000000,07,16,32,39,45,49,30
2005/12/19,000000,03,20,21,22,26,27,25
2005/12/22,000000,12,22,24,26,27,47,40
2005/12/26,000000,01,02,07,08,27,45,19
2005/12/29,000000,06,07,10,13,31,39,18
2006/01/02,000000,06,15,22,25,35,41,32
2006/01/05,000000,18,23,26,38,39,48,45
2006/01/09,000000,08,20,22,39,45,46,31
2006/01/12,000000,07,11,22,24,28,30,35
2006/01/16,000000,04,12,15,19,26,31,41
2006/01/19,000000,03,11,18,20,21,26,24
2006/01/23,000000,01,11,16,21,23,40,10
2006/01/26,000000,10,29,30,32,43,47,35
2006/01/30,000000,04,05,13,26,32,42,46
2006/02/02,000000,02,08,12,20,26,33,13
2006/02/06,000000,11,15,18,25,29,49,05
2006/02/09,000000,12,21,34,37,38,39,27
2006/02/13,000000,03,15,21,23,36,49,10
2006/02/16,000000,05,06,18,23,26,29,16
2006/02/20,000000,02,14,18,21,37,43,13
2006/02/23,000000,07,12,16,17,19,33,39
2006/02/27,000000,09,17,18,27,36,42,10
2006/03/02,000000,05,08,24,31,32,39,04
2006/03/06,000000,05,07,09,15,31,34,38
2006/03/09,000000,06,13,15,17,18,22,03
2006/03/13,000000,04,21,25,35,39,42,45
2006/03/16,000000,03,09,18,42,45,46,05
2006/03/20,000000,12,28,30,40,47,49,03
2006/03/23,000000,07,23,28,29,38,46,14
2006/03/28,000000,05,08,09,15,29,45,18
2006/03/30,000000,12,17,26,31,35,48,40
2006/04/04,000000,06,10,11,32,34,39,07
2006/04/06,000000,05,23,36,38,40,42,01
2006/04/11,000000,08,10,16,22,37,38,14
2006/04/13,000000,01,23,25,37,39,45,21
2006/04/18,000000,04,06,14,16,20,41,02
2006/04/20,000000,09,13,15,27,34,42,02
2006/04/25,000000,03,09,19,40,44,49,04
2006/04/27,000000,09,12,30,33,42,49,04
2006/05/02,000000,03,16,24,25,40,43,48
2006/05/04,000000,02,03,19,26,27,41,07
2006/05/09,000000,05,08,18,26,38,42,02
2006/05/11,000000,02,12,19,26,34,46,38
2006/05/16,000000,08,20,35,36,45,46,44
2006/05/18,000000,01,23,28,46,47,49,06
2006/05/23,000000,11,20,31,38,42,46,37
2006/05/25,000000,01,15,20,37,47,48,38
2006/05/30,000000,02,09,15,16,22,49,07
2006/06/01,000000,04,11,34,35,45,48,24
2006/06/06,000000,04,12,15,37,41,42,19
2006/06/08,000000,03,04,15,23,26,47,12
2006/06/13,000000,08,11,12,32,38,45,24
2006/06/15,000000,01,25,35,37,44,46,43
2006/06/20,000000,03,08,14,18,19,43,29
2006/06/22,000000,01,18,31,39,41,47,44
2006/06/27,000000,01,20,29,30,35,39,43
2006/06/29,000000,11,15,17,21,23,31,09
2006/07/04,000000,08,09,14,19,20,33,29
2006/07/06,000000,14,23,24,41,44,47,10
2006/07/11,000000,01,06,09,16,42,44,03
2006/07/13,000000,06,16,24,34,42,43,23
2006/07/18,000000,11,20,31,34,36,38,15
2006/07/20,000000,07,30,37,41,43,49,10
2006/07/25,000000,14,16,25,27,42,49,44
2006/07/27,000000,04,36,37,42,45,46,01
2006/08/01,000000,12,28,29,35,37,42,08
2006/08/03,000000,03,20,21,42,44,46,25
2006/08/08,000000,04,08,12,20,22,39,48
2006/08/10,000000,03,09,16,40,43,48,42
2006/08/15,000000,06,10,19,27,32,41,43
2006/08/17,000000,18,23,25,28,35,36,16
2006/08/22,000000,16,20,24,30,38,40,06
2006/08/24,000000,10,11,14,17,21,45,19
2006/08/29,000000,17,24,34,38,42,49,30
2006/08/31,000000,05,06,25,33,38,49,47
2006/09/05,000000,02,05,27,30,33,48,19
2006/09/07,000000,11,12,15,28,43,48,37
2006/09/12,000000,02,08,11,14,15,21,31
2006/09/14,000000,01,10,37,39,43,44,35
2006/09/19,000000,01,09,21,39,40,41,46
2006/09/21,000000,06,13,20,21,33,40,26
2006/09/26,000000,02,06,08,25,30,45,38
2006/09/28,000000,08,19,30,33,37,43,22
2006/10/03,000000,06,07,23,31,33,36,24
2006/10/05,000000,07,15,20,32,36,44,03
2006/10/10,000000,01,17,21,35,36,46,19
2006/10/12,000000,09,17,23,26,30,41,19
2006/10/17,000000,08,13,16,41,43,46,31
2006/10/19,000000,09,10,12,25,33,38,05
2006/10/24,000000,01,04,05,15,18,42,06
2006/10/26,000000,05,07,11,19,36,42,23
2006/10/31,000000,06,08,29,39,46,49,23
2006/11/02,000000,06,30,34,45,46,48,29
2006/11/07,000000,05,18,20,33,38,40,34
2006/11/09,000000,12,14,20,22,37,40,23
2006/11/14,000000,05,17,29,34,38,47,26
2006/11/16,000000,02,17,28,29,38,49,16
2006/11/21,000000,06,07,11,19,47,48,17
2006/11/23,000000,01,23,34,37,43,45,09
2006/11/28,000000,14,19,31,37,42,45,11
2006/11/30,000000,03,06,07,14,16,43,17
2006/12/05,000000,14,26,28,35,41,45,33
2006/12/07,000000,05,27,28,30,35,42,37
2006/12/12,000000,16,18,37,38,45,46,10
2006/12/14,000000,02,04,08,27,33,48,14
2006/12/19,000000,12,19,30,32,34,36,37
2006/12/21,000000,16,32,42,45,46,49,03
2006/12/26,000000,06,13,24,31,32,49,03
2006/12/28,000000,01,04,07,08,25,31,33
2007/01/02,000000,13,21,23,27,31,49,19
2007/01/05,000000,12,19,23,42,44,48,33
2007/01/09,000000,26,28,35,39,44,45,18
2007/01/12,000000,10,16,26,28,31,33,44
2007/01/16,000000,13,28,33,38,43,48,04
2007/01/19,000000,06,26,27,44,45,46,02
2007/01/23,000000,06,07,15,31,36,44,29
2007/01/26,000000,08,13,18,26,34,36,17
2007/01/30,000000,06,18,26,39,42,45,14
2007/02/02,000000,07,08,10,12,47,48,38
2007/02/06,000000,12,16,26,32,41,48,01
2007/02/09,000000,07,28,30,41,45,48,44
2007/02/13,000000,02,08,25,39,43,46,13
2007/02/16,000000,18,19,27,34,44,48,37
2007/02/20,000000,01,13,19,33,38,45,36
2007/02/23,000000,05,13,25,30,39,48,36
2007/02/27,000000,06,22,36,39,48,49,28
2007/03/02,000000,12,15,24,32,39,49,06
2007/03/06,000000,02,15,16,31,33,46,40
2007/03/09,000000,12,14,20,21,23,31,45
2007/03/13,000000,04,13,22,24,26,41,28
2007/03/16,000000,28,35,36,38,43,49,47
2007/03/20,000000,14,15,25,37,47,49,13
2007/03/23,000000,05,06,17,19,20,32,18
2007/03/27,000000,04,11,21,39,42,43,10
2007/03/30,000000,14,31,33,40,45,46,49
2007/04/03,000000,04,10,39,43,45,49,33
2007/04/06,000000,10,18,22,34,35,37,41
2007/04/10,000000,02,04,06,20,42,47,39
2007/04/13,000000,05,15,23,28,31,33,49
2007/04/17,000000,08,31,40,44,45,48,06
2007/04/20,000000,09,15,16,19,44,49,37
2007/04/24,000000,08,20,22,25,38,40,41
2007/04/27,000000,09,10,29,32,38,42,37
2007/05/01,000000,21,24,28,34,45,49,46
2007/05/04,000000,06,22,34,38,40,44,15
2007/05/08,000000,01,16,27,28,41,46,38
2007/05/11,000000,10,13,21,26,29,47,49
2007/05/15,000000,13,31,35,40,47,48,39
2007/05/18,000000,11,12,27,41,43,46,36
2007/05/22,000000,01,18,30,32,41,48,24
2007/05/25,000000,02,11,13,25,34,36,38
2007/05/29,000000,10,15,18,43,45,48,11
2007/06/01,000000,07,08,11,25,34,43,16
2007/06/05,000000,01,16,23,25,36,47,21
2007/06/08,000000,01,02,11,26,28,46,16
2007/06/12,000000,03,05,20,38,39,44,43
2007/06/15,000000,11,17,28,34,36,46,26
2007/06/19,000000,20,28,33,41,43,45,10
2007/06/22,000000,13,32,35,39,41,42,01
2007/06/26,000000,18,24,37,38,43,47,02
2007/06/29,000000,09,23,26,28,29,44,31
2007/07/03,000000,01,05,09,21,24,49,35
2007/07/06,000000,09,12,23,36,44,48,26
2007/07/10,000000,02,29,34,40,44,45,01
2007/07/13,000000,05,10,13,18,34,35,15
2007/07/17,000000,15,29,37,39,48,49,46
2007/07/20,000000,02,05,10,19,23,25,11
2007/07/24,000000,01,07,12,22,29,31,04
2007/07/27,000000,13,21,32,39,42,46,36
2007/07/31,000000,01,06,07,25,39,41,05
2007/08/03,000000,02,12,15,27,38,40,35
2007/08/07,000000,01,05,18,25,35,41,14
2007/08/10,000000,11,22,27,29,35,40,48
2007/08/14,000000,02,05,12,25,26,38,06
2007/08/17,000000,02,12,31,35,43,47,40
2007/08/21,000000,16,24,25,38,42,46,06
2007/08/24,000000,04,06,07,12,25,47,09
2007/08/28,000000,02,11,22,29,34,39,45
2007/08/31,000000,23,31,35,40,41,44,21
2007/09/04,000000,09,17,18,21,42,48,07
2007/09/07,000000,03,05,22,32,42,49,28
2007/09/11,000000,03,14,18,22,28,36,47
2007/09/14,000000,02,15,22,27,45,48,32
2007/09/18,000000,20,25,29,31,37,46,49
2007/09/21,000000,01,16,24,31,35,39,21
2007/09/25,000000,08,10,12,28,38,42,33
2007/09/28,000000,08,09,16,17,19,30,45
2007/10/02,000000,03,04,08,09,24,49,23
2007/10/05,000000,03,10,19,26,29,48,18
2007/10/09,000000,09,36,38,40,46,47,13
2007/10/12,000000,09,20,23,26,28,37,44
2007/10/16,000000,05,07,11,18,38,40,31
2007/10/19,000000,15,17,22,28,36,46,24
2007/10/23,000000,10,25,29,34,47,49,17
2007/10/26,000000,03,11,13,16,21,36,26
2007/10/30,000000,01,04,09,17,19,41,07
2007/11/02,000000,04,10,28,44,45,48,39
2007/11/06,000000,01,10,27,40,43,44,02
2007/11/09,000000,01,02,06,12,18,24,25
2007/11/13,000000,03,05,16,17,32,37,24
2007/11/16,000000,16,20,22,39,42,46,38
2007/11/20,000000,01,16,17,20,22,42,29
2007/11/23,000000,01,22,23,43,46,49,33
2007/11/27,000000,08,12,16,34,36,47,33
2007/11/30,000000,08,15,16,19,30,45,44
2007/12/04,000000,01,16,31,38,43,44,42
2007/12/07,000000,08,10,17,28,32,34,42
2007/12/11,000000,10,15,16,20,27,43,19
2007/12/14,000000,01,17,26,27,34,39,13
2007/12/18,000000,04,07,13,19,23,49,17
2007/12/21,000000,15,19,20,22,28,44,42
2007/12/25,000000,05,06,09,18,31,37,32
2007/12/28,000000,10,12,16,18,22,29,30
2008/01/01,000000,13,18,27,43,47,48,21
2008/01/04,000000,05,13,29,31,39,40,33
2008/01/08,000000,03,07,12,17,28,44,36
2008/01/11,000000,03,07,08,27,37,49,48
2008/01/15,000000,05,08,10,31,32,41,11
2008/01/18,000000,06,08,18,25,26,36,13
2008/01/22,000000,09,13,14,26,30,37,05
2008/01/25,000000,01,04,15,20,24,40,32
2008/01/29,000000,21,34,38,41,42,49,25
2008/02/01,000000,01,02,06,18,20,38,29
2008/02/05,000000,17,29,30,33,35,42,10
2008/02/08,000000,01,03,06,07,15,27,39
2008/02/12,000000,05,12,19,22,25,27,29
2008/02/15,000000,01,22,31,41,42,46,36
2008/02/19,000000,16,22,26,31,39,43,09
2008/02/22,000000,01,03,07,12,30,43,22
2008/02/26,000000,06,16,33,37,40,47,28
2008/02/29,000000,01,07,09,10,18,27,43
2008/03/04,000000,01,15,22,25,38,47,16
2008/03/07,000000,12,25,28,40,41,42,29
2008/03/11,000000,07,08,21,30,36,44,04
2008/03/14,000000,03,21,30,34,44,49,13
2008/03/18,000000,01,09,27,33,38,49,31
2008/03/21,000000,11,14,27,32,34,49,28
2008/03/25,000000,02,03,05,13,33,49,10
2008/03/28,000000,01,08,09,12,19,26,49
2008/04/01,000000,08,16,24,25,32,33,12
2008/04/04,000000,13,23,28,30,38,44,26
2008/04/08,000000,11,23,29,32,37,39,31
2008/04/11,000000,05,06,23,25,28,42,43
2008/04/15,000000,13,20,32,33,43,47,28
2008/04/18,000000,04,13,25,35,38,43,30
2008/04/22,000000,10,15,31,36,44,49,07
2008/04/25,000000,04,15,20,45,47,48,34
2008/04/29,000000,02,03,11,32,35,42,18
2008/05/02,000000,11,13,14,33,39,45,41
2008/05/06,000000,09,10,15,23,46,48,38
2008/05/09,000000,15,17,23,36,43,48,21
2008/05/13,000000,11,31,37,38,41,47,18
2008/05/16,000000,03,07,21,22,26,40,41
2008/05/20,000000,08,14,17,42,45,47,39
2008/05/23,000000,02,10,11,29,37,44,13
2008/05/27,000000,04,07,15,24,41,49,30
2008/05/30,000000,08,11,12,20,32,42,30
2008/06/03,000000,01,20,24,27,29,31,04
2008/06/06,000000,01,20,22,31,40,42,38
2008/06/10,000000,14,19,20,22,34,39,37
2008/06/13,000000,07,08,20,21,31,39,06
2008/06/17,000000,01,07,15,32,40,41,09
2008/06/20,000000,03,20,21,24,28,39,23
2008/06/24,000000,02,07,08,20,33,43,04
2008/06/27,000000,01,02,09,10,38,41,31
2008/07/01,000000,15,20,24,35,43,48,09
2008/07/04,000000,06,10,17,21,43,49,33
2008/07/08,000000,14,23,32,33,36,42,03
2008/07/11,000000,07,21,22,23,34,36,11
2008/07/15,000000,06,16,21,36,37,45,40
2008/07/18,000000,04,06,09,15,20,38,27
2008/07/22,000000,01,17,25,29,30,33,47
2008/07/25,000000,07,19,25,29,35,43,01
2008/07/29,000000,16,39,41,42,43,45,14
2008/08/01,000000,07,11,18,22,37,38,30
2008/08/05,000000,05,10,29,41,44,45,06
2008/08/08,000000,08,16,20,33,35,49,24
2008/08/12,000000,16,22,24,33,43,49,45
2008/08/15,000000,08,14,23,24,43,44,04
2008/08/19,000000,02,16,25,35,39,43,26
2008/08/22,000000,04,05,08,26,31,37,10
2008/08/26,000000,02,04,06,18,23,24,32
2008/08/29,000000,02,24,25,26,28,46,49
2008/09/02,000000,02,03,10,21,25,34,47
2008/09/05,000000,02,03,14,22,32,33,24
2008/09/09,000000,10,23,27,28,35,46,02
2008/09/12,000000,01,09,16,18,34,37,12
2008/09/16,000000,02,25,31,32,44,46,07
2008/09/19,000000,02,13,23,28,35,48,18
2008/09/23,000000,02,09,20,22,29,35,38
2008/09/26,000000,15,29,30,36,41,42,39
2008/09/30,000000,01,07,09,13,22,27,34
2008/10/03,000000,18,19,37,41,45,48,09
2008/10/07,000000,01,20,28,29,33,34,40
2008/10/10,000000,13,14,20,24,41,47,06
2008/10/14,000000,08,28,30,43,44,46,12
2008/10/17,000000,05,11,15,19,28,36,46
2008/10/21,000000,02,04,07,08,18,30,33
2008/10/24,000000,05,06,08,09,14,49,03
2008/10/28,000000,02,07,12,14,36,41,35
2008/10/31,000000,01,03,09,11,19,47,40
2008/11/04,000000,11,13,19,20,32,40,09
2008/11/07,000000,15,25,30,33,40,46,18
2008/11/11,000000,11,13,33,34,39,45,15
2008/11/14,000000,07,15,23,35,36,43,08
2008/11/18,000000,14,17,20,29,34,39,07
2008/11/21,000000,16,17,21,28,30,37,09
2008/11/25,000000,04,15,26,39,46,49,11
2008/11/28,000000,01,05,07,16,17,41,20
2008/12/02,000000,07,21,29,30,37,49,36
2008/12/05,000000,02,03,08,31,40,44,45
2008/12/09,000000,01,05,06,16,26,41,48
2008/12/12,000000,02,28,34,36,39,42,24
2008/12/16,000000,14,25,26,35,39,40,37
2008/12/19,000000,03,10,15,30,38,45,41
2008/12/23,000000,02,07,23,25,39,45,22
2008/12/26,000000,08,15,18,33,37,40,32
2008/12/30,000000,03,09,25,26,36,39,35
2009/01/02,000000,02,06,23,26,35,38,11
2009/01/06,000000,04,15,20,21,29,33,16
2009/01/09,000000,04,15,27,30,37,45,19
2009/01/13,000000,04,11,18,33,47,48,30
2009/01/16,000000,08,24,25,26,33,40,13
2009/01/20,000000,07,21,22,23,40,43,34
2009/01/23,000000,10,11,21,28,38,40,29
2009/01/27,000000,13,14,27,32,35,38,48
2009/01/30,000000,02,05,10,23,39,41,48
2009/02/03,000000,03,10,14,23,42,43,34
2009/02/06,000000,04,07,10,21,27,32,37
2009/02/10,000000,09,12,18,30,46,48,42
2009/02/13,000000,02,03,07,24,42,45,10
2009/02/17,000000,05,16,21,22,36,43,28
2009/02/20,000000,01,13,24,34,40,49,37
2009/02/24,000000,04,11,23,25,38,46,17
2009/02/27,000000,13,17,19,26,34,36,02
2009/03/03,000000,07,14,26,28,34,45,09
2009/03/06,000000,06,13,21,26,31,32,30
2009/03/10,000000,09,13,26,28,36,38,46
2009/03/13,000000,09,24,32,45,46,47,33
2009/03/17,000000,01,05,18,23,29,35,27
2009/03/20,000000,02,07,09,11,18,31,05
2009/03/24,000000,02,07,18,21,25,29,32
2009/03/27,000000,01,02,18,28,34,40,25
2009/03/31,000000,13,16,23,25,31,47,36
2009/04/03,000000,06,33,36,42,44,45,48
2009/04/07,000000,03,12,24,31,43,46,42
2009/04/10,000000,08,09,25,36,40,44,17
2009/04/14,000000,02,08,20,23,45,48,43
2009/04/17,000000,16,18,21,22,24,38,34
2009/04/21,000000,11,16,23,27,36,39,35
2009/04/24,000000,13,20,21,24,42,49,43
2009/04/28,000000,05,18,29,30,39,43,26
2009/05/01,000000,03,05,21,26,38,43,32
2009/05/05,000000,12,15,37,42,45,47,29
2009/05/08,000000,03,15,19,22,24,31,05
2009/05/12,000000,01,03,20,26,39,44,30
2009/05/15,000000,05,07,14,15,18,45,11
2009/05/19,000000,11,31,32,38,46,48,42
2009/05/22,000000,01,02,16,18,32,40,15
2009/05/26,000000,03,08,33,39,41,48,32
2009/05/29,000000,21,29,30,34,36,45,49
2009/06/02,000000,11,12,20,28,34,46,41
2009/06/05,000000,06,23,27,42,44,49,15
2009/06/09,000000,26,27,35,36,44,49,42
2009/06/12,000000,12,13,32,41,43,44,21
2009/06/16,000000,03,05,08,10,25,30,15
2009/06/19,000000,02,12,19,23,40,42,09
2009/06/23,000000,06,21,22,29,43,49,48
2009/06/26,000000,06,12,33,38,43,45,49
2009/06/30,000000,04,07,09,21,26,34,28
2009/07/03,000000,17,19,32,40,41,47,37
2009/07/07,000000,02,25,31,37,39,47,35
2009/07/10,000000,03,08,21,26,30,46,11
2009/07/14,000000,04,05,15,37,41,44,08
2009/07/17,000000,09,11,13,16,38,42,06
2009/07/21,000000,05,17,27,28,39,48,44
2009/07/24,000000,01,03,07,22,40,47,15
2009/07/28,000000,02,10,13,15,25,49,04
2009/07/31,000000,04,07,09,10,24,42,41
2009/08/04,000000,02,21,23,27,44,48,30
2009/08/07,000000,01,02,15,26,31,49,43
2009/08/11,000000,03,24,27,28,30,46,42
2009/08/14,000000,04,08,15,26,39,49,34
2009/08/18,000000,11,12,18,31,46,47,27
2009/08/21,000000,11,13,32,37,42,43,20
2009/08/25,000000,01,07,09,15,21,38,31
2009/08/28,000000,12,23,39,44,45,48,47
2009/09/01,000000,07,08,12,19,26,36,09
2009/09/04,000000,05,28,31,36,40,49,20
2009/09/08,000000,08,11,12,15,19,20,34
2009/09/11,000000,10,16,18,31,33,48,07
2009/09/15,000000,02,04,26,36,43,48,30
2009/09/18,000000,02,04,08,09,26,38,23
2009/09/22,000000,03,04,08,12,21,42,48
2009/09/25,000000,01,09,13,16,33,37,04
2009/09/29,000000,17,27,32,37,45,47,25
2009/10/02,000000,09,15,25,28,30,35,22
2009/10/06,000000,09,14,15,22,26,33,16
2009/10/09,000000,10,14,17,33,40,41,12
2009/10/13,000000,05,13,28,40,44,49,43
2009/10/16,000000,13,15,20,29,30,43,01
2009/10/20,000000,01,11,12,14,41,46,45
2009/10/23,000000,05,06,18,19,21,34,10
2009/10/27,000000,02,12,28,32,42,46,23
2009/10/30,000000,04,08,12,20,37,39,30
2009/11/03,000000,05,13,20,26,29,34,30
2009/11/06,000000,01,02,10,44,45,46,22
2009/11/10,000000,02,07,22,25,26,42,44
2009/11/13,000000,13,25,32,33,38,47,26
2009/11/17,000000,01,04,08,10,34,49,46
2009/11/20,000000,05,13,15,20,26,31,35
2009/11/24,000000,02,07,13,23,27,40,04
2009/11/27,000000,01,05,06,15,19,26,14
2009/12/01,000000,11,23,27,29,38,49,40
2009/12/04,000000,02,03,13,19,22,39,21
2009/12/08,000000,04,16,19,27,32,39,21
2009/12/11,000000,12,15,20,29,36,48,31
2009/12/15,000000,04,35,38,43,44,48,37
2009/12/18,000000,03,16,32,42,43,45,06
2009/12/22,000000,10,11,14,24,27,47,32
2009/12/25,000000,09,12,22,30,42,47,27
2009/12/29,000000,12,21,25,29,42,48,06
2010/01/01,000000,02,16,20,22,23,27,46
2010/01/05,000000,11,18,24,32,38,40,47
2010/01/08,000000,01,08,19,21,43,45,30
2010/01/12,000000,01,23,34,36,46,48,18
2010/01/15,000000,04,07,26,41,47,49,03
2010/01/19,000000,13,24,25,32,35,45,05
2010/01/22,000000,03,23,24,31,32,46,47
2010/01/26,000000,25,26,28,33,39,40,10
2010/01/29,000000,16,18,29,34,44,49,08
2010/02/02,000000,09,15,18,21,27,41,46
2010/02/05,000000,01,05,14,19,33,36,16
2010/02/09,000000,09,13,32,34,35,45,38
2010/02/12,000000,01,14,23,31,32,40,35
2010/02/16,000000,05,26,29,36,43,49,12
2010/02/19,000000,12,14,27,30,37,43,36
2010/02/23,000000,05,19,23,40,45,48,06
2010/02/26,000000,05,06,22,32,34,47,01
2010/03/02,000000,02,03,09,33,34,38,45
2010/03/05,000000,03,15,21,22,35,38,04
2010/03/09,000000,05,07,12,14,16,36,04
2010/03/12,000000,18,19,23,31,35,38,22
2010/03/16,000000,26,36,37,39,41,46,04
2010/03/19,000000,05,08,18,22,29,49,47
2010/03/23,000000,11,22,28,35,37,48,49
2010/03/26,000000,09,17,19,23,35,36,34
2010/03/30,000000,16,37,41,46,47,49,14
2010/04/02,000000,01,06,16,21,41,48,12
2010/04/06,000000,09,23,27,28,31,41,44
2010/04/09,000000,04,05,29,36,40,49,26
2010/04/13,000000,12,14,34,42,46,49,25
2010/04/16,000000,01,24,30,31,34,40,43
2010/04/20,000000,02,07,21,23,32,41,42
2010/04/23,000000,03,04,30,45,47,49,27
2010/04/27,000000,12,14,16,34,35,48,43
2010/04/30,000000,08,35,36,37,39,44,20
2010/05/04,000000,04,15,23,32,34,35,18
2010/05/07,000000,19,23,28,32,38,49,20
2010/05/11,000000,11,13,29,33,42,45,02
2010/05/14,000000,03,06,16,21,28,47,18
2010/05/18,000000,03,06,14,27,28,33,05
2010/05/21,000000,04,12,16,27,44,47,39
2010/05/25,000000,01,20,30,32,34,43,03
2010/05/28,000000,03,18,19,20,26,43,10
2010/06/01,000000,02,05,15,28,35,40,01
2010/06/04,000000,11,15,27,28,37,39,04
2010/06/08,000000,08,24,25,40,42,46,10
2010/06/11,000000,01,20,21,27,42,43,26
2010/06/15,000000,02,04,17,20,27,44,24
2010/06/18,000000,02,05,15,20,26,48,08
2010/06/22,000000,09,15,26,28,36,42,40
2010/06/25,000000,11,24,27,39,46,47,20
2010/06/29,000000,01,04,11,18,20,48,05
2010/07/02,000000,07,10,20,23,32,45,17
2010/07/06,000000,05,11,21,25,43,48,31
2010/07/09,000000,11,24,25,32,33,35,23
2010/07/13,000000,02,05,08,15,31,34,12
2010/07/16,000000,16,17,18,20,32,45,09
2010/07/20,000000,05,22,23,27,29,43,47
2010/07/23,000000,08,15,22,42,43,49,07
2010/07/27,000000,03,15,33,38,44,49,30
2010/07/30,000000,08,11,12,14,23,36,45
2010/08/03,000000,03,13,15,25,29,49,09
2010/08/06,000000,10,19,21,22,28,47,39
2010/08/10,000000,03,24,25,28,38,40,11
2010/08/13,000000,02,13,22,30,36,48,09
2010/08/17,000000,06,14,18,19,20,42,09
2010/08/20,000000,08,21,28,33,38,44,27
2010/08/24,000000,06,08,30,45,47,48,29
2010/08/27,000000,08,14,27,30,42,47,29
2010/08/31,000000,04,07,20,23,31,43,47
2010/09/03,000000,05,07,18,20,38,47,37
2010/09/07,000000,03,04,08,16,41,43,22
2010/09/10,000000,10,14,18,41,42,49,24
2010/09/14,000000,01,02,19,22,26,44,03
2010/09/17,000000,12,13,24,34,35,39,14
2010/09/21,000000,01,22,35,38,39,45,08
2010/09/24,000000,02,08,29,36,42,44,22
2010/09/28,000000,03,04,19,22,32,40,11
2010/10/01,000000,08,12,23,37,38,48,20
2010/10/05,000000,14,16,21,32,35,43,49
2010/10/08,000000,03,11,14,39,41,48,06
2010/10/12,000000,08,09,10,20,31,40,25
2010/10/15,000000,01,11,20,28,30,46,10
2010/10/19,000000,12,21,27,35,36,37,08
2010/10/22,000000,01,04,08,13,18,49,03
2010/10/26,000000,03,14,22,35,43,44,26
2010/10/29,000000,04,13,19,26,27,28,33
2010/11/02,000000,04,05,21,34,36,39,28
2010/11/05,000000,05,08,13,16,28,47,46
2010/11/09,000000,05,07,21,30,31,36,49
2010/11/12,000000,03,10,23,36,37,39,15
2010/11/16,000000,02,07,10,12,15,43,22
2010/11/19,000000,03,06,40,43,44,45,41
2010/11/23,000000,02,03,26,30,32,48,41
2010/11/26,000000,18,22,23,35,44,49,26
2010/11/30,000000,07,08,24,34,36,38,16
2010/12/03,000000,17,23,33,38,43,48,19
2010/12/07,000000,21,22,30,37,38,49,34
2010/12/10,000000,01,17,22,26,29,33,03
2010/12/14,000000,15,16,17,20,32,41,08
2010/12/17,000000,09,25,28,30,35,41,12
2010/12/21,000000,01,12,23,35,38,45,26
2010/12/24,000000,16,27,39,43,48,49,01
2010/12/28,000000,02,13,17,27,31,36,18
2010/12/31,000000,04,09,27,36,38,39,02
2011/01/04,000000,14,19,23,35,37,47,42
2011/01/07,000000,11,13,34,35,47,49,20
2011/01/11,000000,07,10,11,12,14,20,41
2011/01/14,000000,16,17,20,32,39,45,46
2011/01/18,000000,15,38,40,42,46,47,17
2011/01/21,000000,02,32,36,37,39,43,03
2011/01/25,000000,12,13,17,21,31,39,20
2011/01/28,000000,03,04,13,18,24,42,47
2011/02/01,000000,01,06,17,25,40,42,15
2011/02/04,000000,10,33,41,42,47,49,03
2011/02/08,000000,05,06,23,31,39,41,16
2011/02/11,000000,03,04,07,34,36,45,24
2011/02/15,000000,09,12,15,24,33,35,18
2011/02/18,000000,14,20,23,26,37,38,33
2011/02/22,000000,13,15,20,32,35,39,11
2011/02/25,000000,02,03,20,28,36,44,21
2011/03/01,000000,03,08,14,27,31,48,23
2011/03/04,000000,12,16,18,22,23,27,41
2011/03/08,000000,01,06,24,25,32,47,38
2011/03/11,000000,05,11,13,21,22,42,25
2011/03/15,000000,04,19,28,29,30,41,10
2011/03/18,000000,03,15,23,30,36,37,28
2011/03/22,000000,06,08,20,24,36,47,27
2011/03/25,000000,01,18,35,39,43,48,02
2011/03/29,000000,04,10,12,18,22,40,24
2011/04/01,000000,14,20,30,32,35,43,33
2011/04/05,000000,08,10,20,24,28,29,32
2011/04/08,000000,09,10,23,29,37,38,44
2011/04/12,000000,04,06,14,24,29,33,45
2011/04/15,000000,15,28,37,38,42,47,33
2011/04/19,000000,22,35,37,41,46,47,24
2011/04/22,000000,04,21,22,26,36,46,41
2011/04/26,000000,20,37,39,40,41,45,08
2011/04/29,000000,01,07,16,17,22,23,19
2011/05/03,000000,10,15,18,24,28,43,35
2011/05/06,000000,06,22,23,24,36,44,03
2011/05/10,000000,05,12,25,35,38,42,28
2011/05/13,000000,16,19,21,29,36,42,10
2011/05/17,000000,01,03,11,15,26,48,28
2011/05/20,000000,02,33,34,42,44,47,10
2011/05/24,000000,01,16,19,24,25,26,21
2011/05/27,000000,05,10,24,32,43,48,04
2011/05/31,000000,05,09,15,32,38,43,12
2011/06/03,000000,08,12,13,15,35,46,30
2011/06/07,000000,03,08,22,27,31,39,14
2011/06/10,000000,06,10,19,29,37,41,09
2011/06/14,000000,05,17,21,31,33,48,25
2011/06/17,000000,01,02,19,31,47,48,36
2011/06/21,000000,01,10,13,40,42,46,41
2011/06/24,000000,11,19,21,27,38,39,24
2011/06/28,000000,11,13,15,23,27,33,04
2011/07/01,000000,09,23,25,31,44,49,02
2011/07/05,000000,01,02,15,18,28,32,26
2011/07/08,000000,16,18,35,37,43,47,07
2011/07/12,000000,08,24,31,35,37,41,19
2011/07/15,000000,17,23,27,30,43,49,31
2011/07/19,000000,02,17,20,37,47,49,36
2011/07/22,000000,04,05,06,08,22,38,42
2011/07/26,000000,02,08,13,29,35,36,14
2011/07/29,000000,06,19,28,37,38,46,42
2011/08/02,000000,17,24,27,28,42,45,31
2011/08/05,000000,03,20,24,25,28,49,30
2011/08/09,000000,25,27,33,38,40,49,12
2011/08/12,000000,02,12,14,22,40,45,04
2011/08/16,000000,26,30,37,38,42,43,32
2011/08/19,000000,13,18,30,32,41,48,45
2011/08/23,000000,05,23,29,32,36,42,14
2011/08/26,000000,10,31,32,33,43,45,30
2011/08/30,000000,10,12,26,36,37,48,34
2011/09/02,000000,02,05,22,24,30,35,42
2011/09/06,000000,02,09,23,29,38,41,08
2011/09/09,000000,01,08,12,15,36,47,10
2011/09/13,000000,02,08,11,38,41,48,18
2011/09/16,000000,15,23,28,30,36,48,45
2011/09/20,000000,02,25,27,28,34,37,42
2011/09/23,000000,14,16,23,27,28,44,40
2011/09/27,000000,03,09,23,26,31,42,41
2011/09/30,000000,10,11,24,34,44,48,31
2011/10/04,000000,02,08,15,26,29,49,03
2011/10/07,000000,01,06,13,16,30,33,03
2011/10/11,000000,02,06,18,33,34,43,28
2011/10/14,000000,07,08,21,23,26,39,28
2011/10/18,000000,04,08,19,32,44,46,21
2011/10/21,000000,20,33,34,35,41,43,04
2011/10/25,000000,02,05,24,28,33,44,04
2011/10/28,000000,05,15,24,27,33,36,01
2011/11/01,000000,04,07,13,14,21,29,22
2011/11/04,000000,02,07,08,14,21,38,11
2011/11/08,000000,02,11,22,35,39,40,36
2011/11/11,000000,04,19,20,29,32,36,30
2011/11/15,000000,12,19,21,35,42,46,40
2011/11/18,000000,10,11,12,15,16,45,19
2011/11/22,000000,16,21,37,40,41,46,27
2011/11/25,000000,08,10,27,30,36,43,48
2011/11/29,000000,01,07,11,14,35,36,10
2011/12/02,000000,23,27,31,37,39,45,06
2011/12/06,000000,03,13,14,18,22,38,06
2011/12/09,000000,10,37,38,39,40,45,18
2011/12/13,000000,02,23,30,36,44,48,24
2011/12/16,000000,10,31,35,36,41,44,34
2011/12/20,000000,05,07,09,26,27,34,08
2011/12/23,000000,06,17,27,31,40,48,28
2011/12/27,000000,01,08,23,24,30,32,14
2011/12/30,000000,12,13,15,28,30,37,03
2012/01/03,000000,09,19,26,34,38,40,37
2012/01/06,000000,10,14,23,35,41,46,19
2012/01/10,000000,03,21,23,27,45,47,40
2012/01/13,000000,22,36,42,43,46,48,21
2012/01/17,000000,04,10,22,35,42,46,32
2012/01/20,000000,10,12,22,30,39,44,09
2012/01/24,000000,08,21,29,38,44,45,20
2012/01/27,000000,03,20,21,22,34,40,44
2012/01/31,000000,01,11,14,15,19,33,42
2012/02/03,000000,05,08,20,32,34,35,17
2012/02/07,000000,07,22,27,33,39,41,13
2012/02/10,000000,05,16,19,29,41,43,37
2012/02/14,000000,02,11,19,21,33,45,40
2012/02/17,000000,14,15,26,30,38,44,19
2012/02/21,000000,02,21,32,39,42,46,19
2012/02/24,000000,02,06,13,15,17,43,04
2012/02/28,000000,02,30,32,36,43,47,49
2012/03/02,000000,02,06,15,21,31,45,24
2012/03/06,000000,02,05,17,20,25,48,14
2012/03/09,000000,10,21,41,44,45,48,32
2012/03/13,000000,06,24,46,47,48,49,40
2012/03/16,000000,26,27,28,30,31,43,08
2012/03/20,000000,04,05,07,13,26,46,24
2012/03/23,000000,22,31,36,37,43,44,11
2012/03/27,000000,16,18,23,27,28,29,19
2012/03/30,000000,01,20,21,28,36,38,30
2012/04/03,000000,08,22,23,39,44,47,36
2012/04/06,000000,04,05,14,36,37,40,25
2012/04/10,000000,06,19,27,31,33,42,13
2012/04/13,000000,01,04,09,20,25,35,43
2012/04/17,000000,19,23,25,26,31,43,10
2012/04/20,000000,02,03,25,44,45,48,31
2012/04/24,000000,09,14,19,21,39,47,11
2012/04/27,000000,13,22,24,35,40,45,37
2012/05/01,000000,05,07,21,22,31,43,04
2012/05/04,000000,04,11,17,23,31,39,14
2012/05/08,000000,06,23,24,25,29,30,47
2012/05/11,000000,10,22,29,30,33,37,27
2012/05/15,000000,01,30,35,44,47,49,46
2012/05/18,000000,13,23,25,31,39,46,41
2012/05/22,000000,01,08,13,18,28,49,06
2012/05/25,000000,01,17,22,26,33,40,11
2012/05/29,000000,05,22,38,43,46,49,13
2012/06/01,000000,04,18,31,34,39,44,49
2012/06/05,000000,11,13,16,35,40,49,39
2012/06/08,000000,01,09,24,45,46,49,12
2012/06/12,000000,03,21,29,33,35,40,45
2012/06/15,000000,09,15,23,38,47,49,36
2012/06/19,000000,01,05,17,19,26,46,47
2012/06/22,000000,06,24,28,36,38,44,08
2012/06/26,000000,01,06,07,12,16,41,49
2012/06/29,000000,09,11,30,36,39,45,26
2012/07/03,000000,11,18,21,34,41,49,47
2012/07/06,000000,04,11,18,19,27,31,24
2012/07/10,000000,03,16,26,28,31,41,45
2012/07/13,000000,08,15,28,35,41,46,11
2012/07/17,000000,17,19,22,25,30,37,31
2012/07/20,000000,11,14,22,34,41,44,27
2012/07/24,000000,05,11,21,24,37,39,13
2012/07/27,000000,05,07,09,22,27,34,45
2012/07/31,000000,01,24,28,33,43,44,31
2012/08/03,000000,13,14,18,27,29,44,21
2012/08/07,000000,12,23,28,29,43,47,26
2012/08/10,000000,01,03,14,24,26,45,38
2012/08/14,000000,02,19,27,31,38,49,32
2012/08/17,000000,07,38,39,43,47,48,29
2012/08/21,000000,06,29,40,44,46,47,33
2012/08/24,000000,07,34,35,42,43,47,29
2012/08/28,000000,01,03,06,30,38,41,46
2012/08/31,000000,18,28,31,34,36,45,42
2012/09/04,000000,10,21,32,36,40,48,09
2012/09/07,000000,07,17,19,24,30,44,31
2012/09/11,000000,03,04,21,30,31,48,15
2012/09/14,000000,20,31,32,33,37,38,39
2012/09/18,000000,12,13,18,39,44,48,35
2012/09/21,000000,22,29,30,36,37,42,09
2012/09/25,000000,18,19,34,35,45,49,16
2012/09/28,000000,04,06,22,41,42,47,18
2012/10/02,000000,01,03,07,09,28,40,45
2012/10/05,000000,09,17,18,33,44,47,08
2012/10/09,000000,08,15,18,30,31,41,45
2012/10/12,000000,05,11,12,30,43,48,15
2012/10/16,000000,02,03,28,35,44,45,36
2012/10/19,000000,13,25,27,39,45,49,11
2012/10/23,000000,02,07,19,20,25,46,43
2012/10/26,000000,01,17,20,28,32,41,13
2012/10/30,000000,10,14,20,25,36,46,02
2012/11/02,000000,04,18,24,36,37,38,31
2012/11/06,000000,08,13,41,42,47,48,29
2012/11/09,000000,09,25,31,37,38,45,21
2012/11/13,000000,02,11,14,22,25,31,26
2012/11/16,000000,17,18,32,33,41,42,12
2012/11/20,000000,06,20,23,24,27,34,16
2012/11/23,000000,02,03,04,14,18,46,25
2012/11/27,000000,05,09,13,18,19,31,32
2012/11/30,000000,05,18,26,31,37,43,08
2012/12/04,000000,02,23,29,30,41,43,16
2012/12/07,000000,08,11,13,19,23,28,49
2012/12/11,000000,05,12,14,22,38,44,25
2012/12/14,000000,08,11,17,21,28,49,37
2012/12/18,000000,05,07,10,15,19,44,49
2012/12/21,000000,13,17,22,25,31,48,26
2012/12/25,000000,12,18,25,32,41,47,07
2012/12/28,000000,05,14,18,28,37,42,19
2013/01/01,000000,03,04,22,32,33,49,21
2013/01/04,000000,01,07,24,31,35,47,21
2013/01/08,000000,05,06,14,19,27,33,31
2013/01/11,000000,01,10,24,33,44,48,37
2013/01/15,000000,02,08,32,34,44,46,14
2013/01/18,000000,22,27,30,33,37,46,24
2013/01/22,000000,02,14,23,25,31,47,48
2013/01/25,000000,02,04,11,18,48,49,38
2013/01/29,000000,03,07,31,32,34,43,41
2013/02/01,000000,01,26,28,37,39,46,03
2013/02/05,000000,08,15,19,25,30,38,06
2013/02/08,000000,04,11,22,26,38,47,13
2013/02/09,000000,05,11,17,22,30,34,10
2013/02/10,000000,09,10,12,21,31,35,19
2013/02/11,000000,06,16,40,45,46,48,31
2013/02/12,000000,03,13,19,24,27,38,40
2013/02/15,000000,02,08,17,30,34,40,26
2013/02/19,000000,07,23,24,28,32,40,08
2013/02/22,000000,07,09,17,25,28,35,36
2013/02/26,000000,08,15,21,30,36,39,17
2013/03/01,000000,01,26,34,35,36,37,07
2013/03/05,000000,05,24,30,35,36,38,11
2013/03/08,000000,12,13,16,29,44,45,30
2013/03/12,000000,16,20,35,46,47,49,31
2013/03/15,000000,05,13,23,37,43,44,26
2013/03/19,000000,01,12,25,37,39,40,18
2013/03/22,000000,05,07,13,23,24,30,01
2013/03/26,000000,01,09,20,28,39,42,47
2013/03/29,000000,02,03,08,15,24,46,36
2013/04/02,000000,11,15,20,23,26,35,31
2013/04/05,000000,04,07,13,17,21,35,33
2013/04/09,000000,07,16,35,45,47,48,39
2013/04/12,000000,01,03,18,22,29,32,21
2013/04/16,000000,06,18,40,43,45,48,24
2013/04/19,000000,03,36,37,40,42,48,17
2013/04/23,000000,12,15,29,31,36,45,40
2013/04/26,000000,15,17,19,30,40,47,25
2013/04/30,000000,10,30,32,37,46,47,16
2013/05/03,000000,01,04,08,22,32,45,02
2013/05/07,000000,09,11,14,25,33,35,02
2013/05/10,000000,02,17,25,32,39,43,34
2013/05/14,000000,01,06,07,27,30,39,21
2013/05/17,000000,05,10,16,22,23,24,31
2013/05/21,000000,24,29,35,39,42,49,48
2013/05/24,000000,10,27,28,31,37,41,34
2013/05/28,000000,07,10,16,17,30,43,23
2013/05/31,000000,03,06,10,33,39,44,37
2013/06/04,000000,14,19,34,43,46,47,42
2013/06/07,000000,03,14,29,33,39,48,22
2013/06/11,000000,16,20,34,42,46,49,04
2013/06/14,000000,04,16,22,32,35,47,43
2013/06/18,000000,04,11,25,36,41,43,27
2013/06/21,000000,10,29,35,39,41,44,07
2013/06/25,000000,07,18,26,28,34,38,05
2013/06/28,000000,22,26,31,42,44,49,29
2013/07/02,000000,01,05,18,21,40,44,22
2013/07/05,000000,11,14,28,39,40,45,42
2013/07/09,000000,19,24,28,29,41,43,37
2013/07/12,000000,15,24,29,34,47,48,31
2013/07/16,000000,10,13,16,29,31,37,32
2013/07/19,000000,03,05,09,15,30,49,48
2013/07/23,000000,04,17,24,27,35,49,39
2013/07/26,000000,08,17,21,34,39,45,44
2013/07/30,000000,06,15,16,22,43,45,48
2013/08/02,000000,07,27,43,44,45,46,35
2013/08/06,000000,01,04,17,27,32,48,06
2013/08/09,000000,03,04,12,13,24,30,09
2013/08/13,000000,12,14,16,34,37,48,07
2013/08/16,000000,04,17,24,27,29,40,09
2013/08/20,000000,05,07,16,28,31,49,34
2013/08/23,000000,05,11,12,14,31,35,26
2013/08/27,000000,05,08,11,14,15,36,46
2013/08/30,000000,02,21,24,27,36,46,05
2013/09/03,000000,11,13,22,29,39,48,45
2013/09/06,000000,06,07,14,33,36,48,18
2013/09/10,000000,01,10,14,34,42,47,09
2013/09/13,000000,12,16,26,27,28,45,06
2013/09/17,000000,01,08,17,19,40,46,15
2013/09/20,000000,06,12,19,28,39,47,36
2013/09/24,000000,07,09,15,23,34,35,41
2013/09/27,000000,01,12,18,19,38,46,02
2013/10/01,000000,01,04,14,17,23,46,41
2013/10/04,000000,07,12,18,25,28,48,46
2013/10/08,000000,04,06,07,11,26,31,38
2013/10/11,000000,02,10,32,37,46,49,28
2013/10/15,000000,08,13,16,20,22,28,49
2013/10/18,000000,09,11,17,39,40,43,46
2013/10/22,000000,07,08,16,23,32,39,22
2013/10/25,000000,03,08,10,11,35,36,39
2013/10/29,000000,01,04,21,30,39,42,44
2013/11/01,000000,06,16,26,31,36,46,09
2013/11/05,000000,03,12,27,29,37,46,17
2013/11/08,000000,01,03,28,30,33,39,34
2013/11/12,000000,03,12,22,23,29,46,33
2013/11/15,000000,02,04,18,31,36,43,08
2013/11/19,000000,15,16,33,35,36,46,21
2013/11/22,000000,08,09,11,24,40,47,33
2013/11/26,000000,01,10,11,15,20,21,26
2013/11/29,000000,02,08,13,19,30,31,20
2013/12/03,000000,08,10,17,38,44,49,40
2013/12/06,000000,04,06,08,10,15,36,13
2013/12/10,000000,06,11,27,34,42,49,21
2013/12/13,000000,10,16,26,28,41,48,42
2013/12/17,000000,01,04,09,14,22,28,20
2013/12/20,000000,08,09,14,17,25,45,27
2013/12/24,000000,09,21,24,33,36,43,03
2013/12/27,000000,02,12,16,31,39,43,18
2013/12/31,000000,05,27,29,36,40,42,35
2014/01/03,000000,11,18,20,21,35,37,08
2014/01/07,000000,01,07,21,25,35,36,39
2014/01/10,000000,07,17,19,30,32,37,03
2014/01/14,000000,02,11,21,41,45,49,26
2014/01/17,000000,13,15,20,26,29,36,37
2014/01/21,000000,12,15,22,38,43,44,09
2014/01/24,000000,01,04,20,29,41,45,36
2014/01/28,000000,01,02,05,07,26,30,24
2014/01/30,000000,09,22,44,45,48,49,08
2014/01/31,000000,17,23,27,38,48,49,19
2014/02/01,000000,06,09,13,19,36,37,27
2014/02/02,000000,03,13,14,19,24,45,05
2014/02/03,000000,01,02,16,17,27,30,48
2014/02/04,000000,08,12,19,32,42,46,28
2014/02/07,000000,05,11,12,21,22,28,25
2014/02/11,000000,06,15,21,22,31,44,41
2014/02/14,000000,10,19,20,24,33,48,01
2014/02/18,000000,06,19,20,26,32,47,35
2014/02/21,000000,11,12,23,28,40,48,09
2014/02/25,000000,03,05,09,12,13,46,04
2014/02/28,000000,13,17,18,24,28,32,37
2014/03/04,000000,08,26,35,37,40,43,06
2014/03/07,000000,06,18,26,30,37,38,16
2014/03/11,000000,13,15,16,20,40,43,14
2014/03/14,000000,02,08,27,40,41,47,28
2014/03/18,000000,12,26,28,35,39,40,16
2014/03/21,000000,08,18,26,31,46,47,20
2014/03/25,000000,19,23,25,30,42,47,16
2014/03/28,000000,09,18,23,35,36,47,41
2014/04/01,000000,18,22,29,30,46,47,06
2014/04/04,000000,08,24,35,37,41,47,23
2014/04/08,000000,01,14,17,27,28,45,11
2014/04/11,000000,01,03,04,09,12,17,15
2014/04/15,000000,05,08,24,26,35,44,41
2014/04/18,000000,08,09,15,40,44,48,24
2014/04/22,000000,11,12,15,18,20,37,42
2014/04/25,000000,04,24,34,35,38,46,30
2014/04/29,000000,02,09,27,30,44,46,22
2014/05/02,000000,01,07,23,25,37,40,12
2014/05/06,000000,10,25,35,39,40,46,31
2014/05/09,000000,01,11,13,21,27,37,03
2014/05/13,000000,15,20,29,31,32,44,23
2014/05/16,000000,14,31,38,41,42,45,29
2014/05/20,000000,06,13,30,33,34,35,38
2014/05/23,000000,11,17,22,27,30,46,15
2014/05/27,000000,10,19,23,26,32,39,16
2014/05/30,000000,09,17,21,24,30,35,15
2014/06/03,000000,16,31,32,33,35,44,46
2014/06/06,000000,25,29,40,41,47,49,48
2014/06/10,000000,03,11,28,32,33,35,30
2014/06/13,000000,04,21,28,32,37,42,16
2014/06/17,000000,03,06,18,20,25,48,12
2014/06/20,000000,12,14,16,33,36,47,48
2014/06/24,000000,01,08,12,14,40,41,15
2014/06/27,000000,13,21,27,34,35,36,24
2014/07/01,000000,06,07,08,09,21,48,18
2014/07/04,000000,03,14,17,24,27,48,28
2014/07/08,000000,10,22,25,33,39,47,38
2014/07/11,000000,01,07,14,15,18,30,33
2014/07/15,000000,07,18,23,32,34,48,13
2014/07/18,000000,01,02,15,19,21,30,40
2014/07/22,000000,03,09,13,17,28,42,14
2014/07/25,000000,05,21,30,32,35,45,26
2014/07/29,000000,31,32,34,36,44,47,46
2014/08/01,000000,05,08,21,23,32,45,18
2014/08/05,000000,04,11,26,33,40,42,34
2014/08/08,000000,26,31,32,38,42,45,37
2014/08/12,000000,04,06,10,12,34,45,44
2014/08/15,000000,18,23,29,46,47,48,05
2014/08/19,000000,06,07,09,12,14,19,17
2014/08/22,000000,08,16,23,30,31,43,18
2014/08/26,000000,01,17,19,23,32,43,09
2014/08/29,000000,09,10,21,23,38,39,35
2014/09/02,000000,07,08,36,39,42,43,22
2014/09/05,000000,10,16,25,27,32,36,45
2014/09/09,000000,21,23,29,41,42,49,14
2014/09/12,000000,02,23,27,31,36,49,15
2014/09/16,000000,07,12,16,18,19,41,45
2014/09/19,000000,02,06,17,29,32,39,04
2014/09/23,000000,02,11,20,28,32,38,16
2014/09/26,000000,08,15,19,22,29,37,39
2014/09/30,000000,18,35,36,41,47,49,15
2014/10/03,000000,10,14,19,24,35,37,39
2014/10/07,000000,17,18,40,41,45,47,29
2014/10/10,000000,01,11,19,24,26,28,33
2014/10/14,000000,09,10,14,20,36,47,08
2014/10/17,000000,02,11,20,32,33,36,39
2014/10/21,000000,14,28,31,38,42,44,45
2014/10/24,000000,01,17,20,36,37,45,15
2014/10/28,000000,05,16,25,32,37,44,21
2014/10/31,000000,02,08,10,14,27,49,20
2014/11/04,000000,03,20,30,35,38,41,47
2014/11/07,000000,11,19,25,27,40,49,33
2014/11/11,000000,05,11,18,23,36,43,14
2014/11/14,000000,15,16,29,34,41,44,49
2014/11/18,000000,11,12,20,26,28,43,06
2014/11/21,000000,02,03,22,26,32,34,40
2014/11/25,000000,01,15,16,32,44,48,40
2014/11/28,000000,01,10,21,35,40,44,36
2014/12/02,000000,09,11,13,23,26,42,47
2014/12/05,000000,11,18,30,34,37,47,17
2014/12/09,000000,07,09,23,33,41,43,24
2014/12/12,000000,07,08,24,29,32,48,37
2014/12/16,000000,17,28,32,34,35,45,08
2014/12/19,000000,01,09,24,32,41,49,40
2014/12/23,000000,03,27,30,31,32,39,35
2014/12/26,000000,09,27,32,42,45,49,30
2014/12/30,000000,07,30,32,44,48,49,45
2015/01/02,000000,13,22,23,29,31,48,06
2015/01/06,000000,11,16,29,30,37,43,13
2015/01/09,000000,07,08,18,21,23,24,11
2015/01/13,000000,02,14,16,22,37,46,49
2015/01/16,000000,02,17,28,32,38,46,49
2015/01/20,000000,09,24,28,35,45,47,48
2015/01/23,000000,08,16,20,38,39,42,29
2015/01/27,000000,04,09,15,21,27,45,06
2015/01/30,000000,03,14,24,35,39,44,28
2015/02/03,000000,05,13,15,16,18,30,08
2015/02/06,000000,05,11,29,36,42,46,48
2015/02/10,000000,14,15,26,29,35,44,09
2015/02/13,000000,01,09,15,25,29,35,38
2015/02/17,000000,03,11,15,23,40,46,13
2015/02/18,000000,03,06,15,16,27,31,14
2015/02/19,000000,07,25,27,31,40,49,11
2015/02/20,000000,05,09,10,28,29,45,41
2015/02/21,000000,02,05,11,17,27,40,20
2015/02/22,000000,03,06,12,34,37,43,28
2015/02/23,000000,14,20,21,32,38,43,23
2015/02/24,000000,03,28,39,41,46,48,09
2015/02/27,000000,02,06,27,34,38,43,45
2015/03/03,000000,04,06,11,41,43,46,21
2015/03/06,000000,06,21,22,35,37,44,29
2015/03/10,000000,03,11,25,34,46,47,42
2015/03/13,000000,06,09,14,16,22,33,11
2015/03/17,000000,05,32,36,40,42,49,01
2015/03/20,000000,04,07,09,13,29,46,08
2015/03/24,000000,03,04,06,09,17,24,28
2015/03/27,000000,12,13,15,18,24,36,39
2015/03/31,000000,02,04,13,25,32,43,15
2015/04/03,000000,13,32,36,40,42,43,41
2015/04/07,000000,11,17,19,33,45,47,04
2015/04/10,000000,10,11,17,20,42,44,13
2015/04/14,000000,01,22,23,38,48,49,11
2015/04/17,000000,26,32,33,36,45,47,39
2015/04/21,000000,01,03,11,22,29,33,30
2015/04/24,000000,13,25,31,35,41,46,49
2015/04/28,000000,03,05,12,26,36,44,23
2015/05/01,000000,08,15,25,29,47,49,09
2015/05/05,000000,08,28,41,42,44,49,30
2015/05/08,000000,02,10,15,28,44,49,39
2015/05/12,000000,01,13,23,29,31,33,17
2015/05/15,000000,03,06,18,27,29,32,40
2015/05/19,000000,15,16,29,39,42,46,14
2015/05/22,000000,03,21,23,28,37,43,05
2015/05/26,000000,02,10,11,20,26,45,30
2015/05/29,000000,02,05,11,28,32,34,24
2015/06/02,000000,01,07,19,20,46,47,13
2015/06/05,000000,08,21,32,35,41,48,34
2015/06/09,000000,03,20,27,34,37,44,12
2015/06/12,000000,08,19,22,24,26,28,18
2015/06/16,000000,03,04,25,35,41,45,07
2015/06/19,000000,03,05,11,18,25,38,15
2015/06/23,000000,02,13,33,35,43,45,05
2015/06/26,000000,05,06,12,28,29,41,07
2015/06/30,000000,18,19,32,35,46,48,47
2015/07/03,000000,21,23,28,29,41,46,24
2015/07/07,000000,01,14,27,33,42,46,41
2015/07/10,000000,05,06,13,26,29,47,33
2015/07/14,000000,10,12,14,19,30,45,41
2015/07/17,000000,04,07,20,27,33,40,38
2015/07/21,000000,08,09,16,39,40,44,28
2015/07/24,000000,10,12,25,33,39,42,29
2015/07/28,000000,06,15,27,32,44,49,16
2015/07/31,000000,13,16,18,30,32,40,29
2015/08/04,000000,03,12,17,19,38,48,43
2015/08/07,000000,25,26,27,28,36,37,38
2015/08/11,000000,01,02,35,43,45,46,14
2015/08/14,000000,05,13,14,23,24,42,35
2015/08/18,000000,08,20,29,30,42,49,21
2015/08/21,000000,10,15,20,21,27,36,45
2015/08/25,000000,13,15,22,26,45,47,49
2015/08/28,000000,08,11,12,15,40,46,16
2015/09/01,000000,09,18,19,20,40,48,03
2015/09/04,000000,19,20,44,46,47,49,09
2015/09/08,000000,08,28,31,32,36,43,09
2015/09/11,000000,05,10,18,29,41,44,30
2015/09/15,000000,02,13,30,31,34,44,39
2015/09/18,000000,06,16,17,36,37,41,28
2015/09/22,000000,06,10,39,44,46,47,30
2015/09/25,000000,09,13,21,25,38,39,02
2015/09/29,000000,01,03,25,31,35,44,15
2015/10/02,000000,11,15,36,41,44,45,35
2015/10/06,000000,03,08,10,28,38,47,13
2015/10/09,000000,02,08,22,27,35,43,24
2015/10/13,000000,24,29,31,32,44,49,39
2015/10/16,000000,20,25,29,31,40,44,21
2015/10/20,000000,12,17,32,37,38,39,27
2015/10/23,000000,01,16,41,43,46,47,25
2015/10/27,000000,07,08,10,17,34,36,43
2015/10/30,000000,03,06,08,15,20,30,40
2015/11/03,000000,08,16,22,28,45,48,13
2015/11/06,000000,08,24,27,30,45,49,42
2015/11/10,000000,07,10,11,27,28,45,21
2015/11/13,000000,01,11,16,18,31,33,19
2015/11/17,000000,02,07,26,31,44,47,36
2015/11/20,000000,04,09,10,39,40,42,08
2015/11/24,000000,01,09,13,28,29,48,45
2015/11/27,000000,04,05,23,25,40,41,11
2015/12/01,000000,06,13,15,19,37,41,22
2015/12/04,000000,16,21,34,37,41,47,29
2015/12/08,000000,08,15,32,36,40,43,03
2015/12/11,000000,01,04,25,29,42,43,11
2015/12/15,000000,04,11,18,22,23,31,19
2015/12/18,000000,05,06,11,15,18,25,31
2015/12/22,000000,08,12,13,29,37,49,43
2015/12/25,000000,03,07,11,12,16,30,13
2015/12/29,000000,01,08,13,30,32,42,11
2016/01/01,000000,16,19,24,29,41,43,32
2016/01/05,000000,01,03,07,15,25,33,21
2016/01/08,000000,03,10,13,28,44,48,01
2016/01/12,000000,05,15,18,39,40,44,37
2016/01/15,000000,06,11,16,17,27,42,35
2016/01/19,000000,04,09,14,23,44,46,41
2016/01/22,000000,10,15,17,20,43,46,37
2016/01/26,000000,11,13,17,35,39,46,02
2016/01/29,000000,16,35,38,44,45,48,27
2016/02/02,000000,15,21,23,26,43,48,34
2016/02/05,000000,04,05,26,30,38,41,28
2016/02/07,000000,04,11,21,25,35,37,43
2016/02/08,000000,08,12,13,16,27,32,24
2016/02/09,000000,09,24,25,31,37,45,12
2016/02/10,000000,18,19,22,32,44,47,09
2016/02/11,000000,03,13,29,30,34,48,28
2016/02/12,000000,06,10,11,22,32,45,04
2016/02/13,000000,04,06,18,29,35,48,20
2016/02/14,000000,01,03,16,20,21,26,22
2016/02/16,000000,11,23,29,33,34,40,06
2016/02/19,000000,11,20,23,30,39,44,49
2016/02/23,000000,10,14,19,20,43,45,22
2016/02/26,000000,03,09,17,21,41,46,27
2016/03/01,000000,07,14,17,22,23,34,12
2016/03/04,000000,05,07,12,17,22,29,04
2016/03/08,000000,03,27,30,35,39,41,32
2016/03/11,000000,09,16,30,34,36,49,31
2016/03/15,000000,06,14,30,42,47,48,18
2016/03/18,000000,01,03,04,18,25,47,13
2016/03/22,000000,07,11,16,20,30,33,06
2016/03/25,000000,07,11,22,37,40,41,20
2016/03/29,000000,01,17,18,34,46,47,25
2016/04/01,000000,08,12,16,29,37,39,40
2016/04/05,000000,14,23,26,32,38,43,03
2016/04/08,000000,02,07,13,30,36,45,43
2016/04/12,000000,11,14,19,39,45,49,23
2016/04/15,000000,09,13,17,28,45,47,03
2016/04/19,000000,12,21,39,41,46,47,14
2016/04/22,000000,12,19,23,33,46,48,29
2016/04/26,000000,06,12,21,25,34,43,28
2016/04/29,000000,08,14,27,31,36,40,03
2016/05/03,000000,01,07,17,40,41,43,33
2016/05/06,000000,01,26,37,39,42,48,41
2016/05/10,000000,03,04,08,22,36,38,07
2016/05/13,000000,03,10,22,31,35,38,37
2016/05/17,000000,02,03,20,23,34,42,40
2016/05/20,000000,05,10,25,30,40,43,26
2016/05/24,000000,06,08,13,21,33,39,45
2016/05/27,000000,02,09,13,16,24,39,41
2016/05/31,000000,01,02,05,32,45,46,43
2016/06/03,000000,03,10,27,33,41,44,07
2016/06/07,000000,05,08,23,31,39,44,19
2016/06/10,000000,04,13,15,22,23,48,03
2016/06/14,000000,12,13,16,33,35,37,18
2016/06/17,000000,07,10,17,20,21,31,49
2016/06/21,000000,02,27,34,35,36,49,26
2016/06/24,000000,14,17,27,28,39,41,18
2016/06/28,000000,07,08,25,39,45,46,38
2016/07/01,000000,08,20,24,34,41,43,32
2016/07/05,000000,06,09,15,17,40,47,24
2016/07/08,000000,09,10,13,19,23,35,38
2016/07/12,000000,25,31,34,42,43,46,05
2016/07/15,000000,24,25,29,33,35,38,49
2016/07/19,000000,07,13,33,40,45,46,39
2016/07/22,000000,02,10,17,27,33,49,15
2016/07/26,000000,09,15,19,22,35,41,37
2016/07/29,000000,09,15,27,28,30,41,13
2016/08/02,000000,04,15,20,22,28,29,01
2016/08/05,000000,01,02,22,27,35,40,33
2016/08/09,000000,15,17,30,35,37,45,41
2016/08/12,000000,08,20,33,35,42,43,10
2016/08/16,000000,05,14,15,20,27,29,35
2016/08/19,000000,05,19,26,44,46,48,36
2016/08/23,000000,25,26,37,38,44,48,31
2016/08/26,000000,09,28,34,41,42,49,06
2016/08/30,000000,01,11,18,27,36,46,26
2016/09/02,000000,09,11,20,21,45,46,42
2016/09/06,000000,04,07,20,23,28,45,35
2016/09/09,000000,01,12,35,36,41,44,21
2016/09/13,000000,03,16,22,33,40,41,39
2016/09/16,000000,17,23,30,31,34,49,36
2016/09/20,000000,04,07,17,22,44,45,32
2016/09/23,000000,01,02,29,31,33,43,40
2016/09/27,000000,14,15,16,35,46,48,02
2016/09/30,000000,04,10,31,38,40,48,05
2016/10/04,000000,11,23,30,35,40,44,07
2016/10/07,000000,10,16,30,33,37,42,43
2016/10/11,000000,02,08,13,14,37,39,38
2016/10/14,000000,10,23,29,30,44,47,07
2016/10/18,000000,14,15,16,24,44,47,21
2016/10/21,000000,02,08,21,32,33,37,15
2016/10/25,000000,05,15,25,27,33,34,43
2016/10/28,000000,01,10,13,33,37,38,40
2016/11/01,000000,10,11,15,20,31,49,44
2016/11/04,000000,02,03,17,28,38,49,21
2016/11/08,000000,03,06,11,17,22,49,44
2016/11/11,000000,02,07,08,22,28,32,20
2016/11/15,000000,07,08,25,33,41,43,06
2016/11/18,000000,06,18,24,25,26,34,19
2016/11/22,000000,01,21,24,25,34,44,19
2016/11/25,000000,01,03,22,28,37,42,10
2016/11/29,000000,03,21,26,28,38,40,42
2016/12/02,000000,05,25,26,34,40,49,47
2016/12/06,000000,27,30,32,41,44,46,42
2016/12/09,000000,12,28,38,42,44,49,02
2016/12/13,000000,19,29,33,36,39,49,06
2016/12/16,000000,11,19,25,34,36,42,08
2016/12/20,000000,01,29,35,36,44,46,06
2016/12/23,000000,08,23,28,38,41,42,30
2016/12/27,000000,10,25,26,29,31,40,02
2016/12/30,000000,06,07,35,37,38,47,12
2017/01/03,000000,18,22,41,42,47,49,45
2017/01/06,000000,12,14,32,35,40,43,17
2017/01/10,000000,04,13,14,37,39,46,31
2017/01/13,000000,14,19,21,25,27,38,22
2017/01/17,000000,04,12,17,28,34,40,07
2017/01/20,000000,01,05,16,18,31,41,13
2017/01/24,000000,01,09,17,31,33,48,49
2017/01/27,000000,01,05,07,31,35,49,42
2017/01/28,000000,01,19,20,25,30,32,02
2017/01/29,000000,03,08,09,12,14,22,46
2017/01/30,000000,10,19,26,29,43,45,20
2017/01/31,000000,04,11,16,28,33,46,17
2017/02/01,000000,04,09,11,32,43,47,44
2017/02/03,000000,02,11,25,29,30,33,20
2017/02/07,000000,06,18,19,23,32,49,21
2017/02/10,000000,07,11,12,15,24,26,06
2017/02/14,000000,10,11,21,23,28,37,24
2017/02/17,000000,06,16,21,23,46,49,39
2017/02/21,000000,08,10,15,32,39,48,43
2017/02/24,000000,12,16,35,38,41,47,01
2017/02/28,000000,06,14,15,19,30,43,31
2017/03/03,000000,02,16,20,37,43,48,10
2017/03/07,000000,06,12,22,31,41,44,02
2017/03/10,000000,11,12,21,35,41,48,01
2017/03/14,000000,15,17,20,32,33,39,21
2017/03/17,000000,04,17,25,36,40,44,08
2017/03/21,000000,08,16,27,32,43,44,07
2017/03/24,000000,24,36,39,41,45,49,22
2017/03/28,000000,21,22,32,37,42,44,38
2017/03/31,000000,17,18,22,24,25,38,39
2017/04/04,000000,05,17,33,34,43,44,04
2017/04/07,000000,19,23,31,32,37,49,26
2017/04/11,000000,09,22,31,36,40,47,08
2017/04/14,000000,02,03,04,23,29,42,14
2017/04/18,000000,14,21,25,35,36,39,18
2017/04/21,000000,05,15,22,23,28,39,25
2017/04/25,000000,16,17,30,32,35,41,26
2017/04/28,000000,01,03,19,31,32,42,43
2017/05/02,000000,14,23,24,27,36,39,13
2017/05/05,000000,01,09,18,19,34,49,11
2017/05/09,000000,16,17,20,21,32,40,15
2017/05/12,000000,02,09,18,22,25,35,14
2017/05/16,000000,05,06,07,14,29,46,24
2017/05/19,000000,15,16,21,23,28,46,14
2017/05/23,000000,02,10,15,22,26,32,42
2017/05/26,000000,08,14,16,19,21,35,20
2017/05/30,000000,07,14,19,30,31,39,40
2017/06/02,000000,03,07,08,23,30,31,32
2017/06/06,000000,14,16,25,32,36,48,12
2017/06/09,000000,24,26,31,32,37,46,01
2017/06/13,000000,02,04,17,22,36,43,40
2017/06/16,000000,01,15,21,26,36,45,10
2017/06/20,000000,01,12,29,30,33,44,19
2017/06/23,000000,02,08,12,34,41,42,07
2017/06/27,000000,11,33,34,46,47,49,38
2017/06/30,000000,08,12,22,30,32,36,06
2017/07/04,000000,04,21,27,28,30,35,42
2017/07/07,000000,18,30,40,42,44,49,08
2017/07/11,000000,06,16,19,23,33,39,07
2017/07/14,000000,16,18,19,25,26,32,22
2017/07/18,000000,13,14,21,29,42,48,11
2017/07/21,000000,02,12,24,32,42,47,29
2017/07/25,000000,02,11,23,30,33,42,07
2017/07/28,000000,11,13,18,22,38,39,03
2017/08/01,000000,02,12,21,30,42,47,31
2017/08/04,000000,15,16,26,27,39,45,37
2017/08/08,000000,06,09,23,27,34,46,20
2017/08/11,000000,02,08,09,18,27,37,33
2017/08/15,000000,13,16,27,28,33,42,11
2017/08/18,000000,07,10,12,35,38,47,23
2017/08/22,000000,04,10,13,36,44,45,05
2017/08/25,000000,01,04,19,24,28,31,49
2017/08/29,000000,05,18,25,31,48,49,44
2017/09/01,000000,05,11,14,16,36,40,46
2017/09/05,000000,13,17,23,27,33,41,02
2017/09/08,000000,08,13,15,19,29,42,25
2017/09/12,000000,07,23,29,36,45,49,14
2017/09/15,000000,03,08,11,16,33,37,35
2017/09/19,000000,02,12,15,18,37,40,39
2017/09/22,000000,18,35,39,43,47,49,44
2017/09/26,000000,10,11,14,19,22,38,42
2017/09/29,000000,03,14,16,21,33,36,20
2017/10/03,000000,15,18,25,30,33,44,38
2017/10/06,000000,04,28,32,37,41,45,47
2017/10/10,000000,06,28,29,30,31,39,33
2017/10/13,000000,05,08,23,34,44,46,16
2017/10/17,000000,01,03,06,11,19,27,05
2017/10/20,000000,03,08,18,19,26,42,17
2017/10/24,000000,02,03,05,14,16,29,32
2017/10/27,000000,02,11,17,22,38,40,41
2017/10/31,000000,04,25,31,36,39,46,02
2017/11/03,000000,08,20,23,33,36,43,02
2017/11/07,000000,05,06,12,22,30,48,41
2017/11/10,000000,10,15,24,26,29,35,12
2017/11/14,000000,05,15,24,25,44,47,45
2017/11/17,000000,02,14,19,28,39,46,45
2017/11/21,000000,04,23,25,28,39,43,41
2017/11/24,000000,04,08,10,14,41,45,38
2017/11/28,000000,09,14,17,19,46,47,29
2017/12/01,000000,02,03,05,28,42,48,09
2017/12/05,000000,01,12,13,37,41,43,49
2017/12/08,000000,01,05,08,10,34,35,46
2017/12/12,000000,16,19,28,37,38,41,10
2017/12/15,000000,17,19,24,27,31,37,08
2017/12/19,000000,03,14,18,31,41,42,02
2017/12/22,000000,12,18,20,21,31,37,24
2017/12/26,000000,07,08,10,20,24,27,19
2017/12/29,000000,11,12,15,20,27,47,36
2018/01/02,000000,02,06,12,18,36,46,47
2018/01/05,000000,04,13,17,29,31,44,14
2018/01/09,000000,02,10,22,23,24,37,42
2018/01/12,000000,01,07,14,22,40,45,29
2018/01/16,000000,08,26,29,32,36,39,23
2018/01/19,000000,02,13,16,22,26,48,39
2018/01/23,000000,02,12,26,28,33,34,44
2018/01/26,000000,07,23,32,34,43,47,24
2018/01/30,000000,07,08,15,23,31,36,30
2018/02/02,000000,01,02,10,11,26,43,40
2018/02/06,000000,06,10,24,27,41,43,49
2018/02/09,000000,12,17,20,21,30,45,09
2018/02/13,000000,04,10,19,26,35,45,38
2018/02/15,000000,07,21,22,37,41,48,15
2018/02/16,000000,04,07,23,24,27,41,17
2018/02/17,000000,03,05,17,32,33,47,36
2018/02/18,000000,07,08,20,28,34,46,10
2018/02/19,000000,07,09,19,22,36,49,29
2018/02/20,000000,12,33,34,38,40,46,07
2018/02/23,000000,03,07,15,16,18,41,42
2018/02/27,000000,01,03,18,23,28,44,10
2018/03/02,000000,01,12,17,25,31,48,21
2018/03/06,000000,09,11,13,17,38,42,29
2018/03/09,000000,12,15,18,27,30,38,19
2018/03/13,000000,14,20,22,27,28,38,19
2018/03/16,000000,03,14,16,17,43,46,04
2018/03/20,000000,08,09,23,30,37,41,31
2018/03/23,000000,04,09,13,32,34,41,42
2018/03/27,000000,13,15,24,30,38,40,44
2018/03/30,000000,01,05,13,43,44,47,25
2018/04/03,000000,01,07,22,32,34,36,08
2018/04/06,000000,07,25,31,34,47,49,26
2018/04/10,000000,07,27,32,34,41,47,09
2018/04/13,000000,01,12,25,28,40,46,39
2018/04/17,000000,07,16,31,38,40,41,39
2018/04/20,000000,10,14,32,33,35,46,43
2018/04/24,000000,09,10,19,21,35,36,49
2018/04/27,000000,04,25,26,27,30,48,11
2018/05/01,000000,08,29,33,34,46,49,19
2018/05/04,000000,10,22,30,33,36,47,43
2018/05/08,000000,03,08,21,22,37,41,46
2018/05/11,000000,04,11,25,35,37,48,36
2018/05/15,000000,02,12,13,16,32,43,24
2018/05/18,000000,01,11,36,38,41,42,48
2018/05/22,000000,02,13,24,29,41,49,45
2018/05/25,000000,01,06,22,24,32,42,16
2018/05/29,000000,11,14,20,26,37,41,02
2018/06/01,000000,16,26,28,33,42,49,20
2018/06/05,000000,02,17,22,25,26,41,16
2018/06/08,000000,02,09,17,31,32,40,47
2018/06/12,000000,02,03,14,15,35,37,29
2018/06/15,000000,16,25,28,30,44,46,27
2018/06/19,000000,08,09,28,34,37,42,15
2018/06/22,000000,06,07,11,25,26,30,31
2018/06/26,000000,05,09,11,23,37,44,24
2018/06/29,000000,04,13,27,30,37,41,20
2018/07/03,000000,09,11,20,31,34,44,10
2018/07/06,000000,02,03,21,28,32,47,27
2018/07/10,000000,09,11,21,24,39,43,07
2018/07/13,000000,02,14,21,31,42,46,04
2018/07/17,000000,11,20,26,34,41,43,09
2018/07/20,000000,09,12,13,24,39,45,38
2018/07/24,000000,24,25,29,32,42,49,12
2018/07/27,000000,05,12,17,19,35,48,09
2018/07/31,000000,15,20,22,31,35,37,14
2018/08/03,000000,04,06,30,35,40,43,13
2018/08/07,000000,12,13,19,25,30,46,05
2018/08/10,000000,05,07,16,18,36,48,37
2018/08/14,000000,15,16,17,25,34,49,05
2018/08/17,000000,03,14,19,21,35,48,13
2018/08/21,000000,08,12,17,28,31,34,01
2018/08/24,000000,03,07,09,31,39,45,35
2018/08/28,000000,08,10,11,39,42,44,27
2018/08/31,000000,12,15,34,37,43,46,38
2018/09/04,000000,04,06,10,15,42,49,12
2018/09/07,000000,02,08,14,21,37,44,49
2018/09/11,000000,14,16,18,23,25,44,41
2018/09/14,000000,19,29,36,37,45,46,18
2018/09/18,000000,11,23,34,36,41,45,43
2018/09/21,000000,03,05,10,11,29,45,25
2018/09/25,000000,19,25,27,39,40,46,06
2018/09/28,000000,01,02,07,20,27,37,19
2018/10/02,000000,02,08,16,33,42,47,14
2018/10/05,000000,03,09,10,42,44,47,05
2018/10/09,000000,08,13,16,23,35,41,21
2018/10/12,000000,04,06,07,12,20,21,29
2018/10/16,000000,01,24,39,40,46,49,33
2018/10/19,000000,07,18,20,32,42,49,24
2018/10/23,000000,06,09,13,20,42,43,21
2018/10/26,000000,08,10,23,33,41,46,48
2018/10/30,000000,03,09,28,32,39,47,07
2018/11/02,000000,05,16,18,32,41,47,02
2018/11/06,000000,02,05,26,29,38,39,07
2018/11/09,000000,04,12,14,15,22,48,28
2018/11/13,000000,07,21,35,36,42,43,10
2018/11/16,000000,07,11,23,30,38,49,45
2018/11/20,000000,04,31,34,36,40,44,20
2018/11/23,000000,07,20,21,34,37,43,05
2018/11/27,000000,27,33,36,41,43,44,31
2018/11/30,000000,05,14,20,27,29,45,07
2018/12/04,000000,03,06,12,16,17,20,14
2018/12/07,000000,11,20,29,33,34,36,18
2018/12/11,000000,07,12,15,21,27,47,48
2018/12/14,000000,06,09,14,19,38,49,20
2018/12/18,000000,05,08,11,15,33,37,03
2018/12/21,000000,05,19,21,34,41,49,42
2018/12/25,000000,07,26,27,28,30,32,44
2018/12/28,000000,07,11,19,23,35,44,33
2019/01/01,000000,18,23,24,25,39,42,48
2019/01/04,000000,06,07,08,20,47,48,30
2019/01/08,000000,04,19,21,28,39,43,18
2019/01/11,000000,13,20,22,31,34,42,09
2019/01/15,000000,12,20,30,38,40,41,10
2019/01/18,000000,04,05,10,30,39,45,14
2019/01/22,000000,02,20,36,37,42,46,29
2019/01/25,000000,03,10,14,15,20,45,02
2019/01/29,000000,14,20,24,30,44,48,31
2019/02/01,000000,10,17,20,21,32,41,34
2019/02/02,000000,02,07,22,35,46,49,41
2019/02/03,000000,12,24,28,36,37,40,06
2019/02/04,000000,06,08,24,32,34,36,49
2019/02/05,000000,13,18,30,34,45,49,33
2019/02/06,000000,17,23,28,29,32,39,12
2019/02/07,000000,07,21,29,33,40,41,08
2019/02/08,000000,08,13,14,32,36,42,05
2019/02/09,000000,06,08,18,19,20,30,22
2019/02/10,000000,05,08,14,19,22,47,24
2019/02/12,000000,11,16,19,29,30,45,01
2019/02/15,000000,01,03,40,44,46,48,02
2019/02/19,000000,01,03,04,24,32,43,37
2019/02/22,000000,06,20,22,43,45,48,11
2019/02/26,000000,06,17,22,34,38,42,20
2019/03/01,000000,01,08,14,27,40,45,34
2019/03/05,000000,12,13,16,21,42,43,39
2019/03/08,000000,03,11,15,25,31,48,36
2019/03/12,000000,05,07,22,37,40,45,12
2019/03/15,000000,05,10,12,20,28,36,15
2019/03/19,000000,07,16,17,36,47,48,49
2019/03/22,000000,01,12,16,37,41,47,36
2019/03/26,000000,06,13,14,19,24,38,26
2019/03/29,000000,01,03,12,16,29,49,04
2019/04/02,000000,05,28,38,40,41,47,25
2019/04/05,000000,11,28,29,38,43,49,22
2019/04/09,000000,10,36,37,44,45,46,48
2019/04/12,000000,12,26,32,34,45,46,14
2019/04/16,000000,01,14,23,36,39,41,04
2019/04/19,000000,04,11,24,29,32,45,49
2019/04/23,000000,08,14,16,18,30,35,36
2019/04/26,000000,08,24,29,37,44,48,06
2019/04/30,000000,01,04,19,24,47,49,36
2019/05/03,000000,06,07,19,31,32,40,15
2019/05/07,000000,02,14,23,29,35,43,22
2019/05/10,000000,11,17,27,31,33,37,12
2019/05/14,000000,09,15,27,28,40,43,45
2019/05/17,000000,02,07,12,21,23,45,10
2019/05/21,000000,07,10,18,32,41,46,42
2019/05/24,000000,12,13,19,21,29,39,41
2019/05/28,000000,03,11,22,36,38,40,07
2019/05/31,000000,08,15,21,31,36,46,18
2019/06/04,000000,05,06,19,23,43,48,07
2019/06/07,000000,18,22,26,27,30,38,45
2019/06/11,000000,06,31,32,39,40,42,28
2019/06/14,000000,06,10,12,22,24,37,03
2019/06/18,000000,05,16,27,29,33,45,28
2019/06/21,000000,07,12,26,30,31,32,13
2019/06/25,000000,08,20,31,36,38,45,33
2019/06/28,000000,09,13,15,26,31,33,10
2019/07/02,000000,02,04,11,33,39,42,19
2019/07/05,000000,11,17,32,33,38,46,15
2019/07/09,000000,11,17,20,34,37,41,06
2019/07/12,000000,12,14,18,19,37,47,30
2019/07/16,000000,15,30,31,37,39,48,08
2019/07/19,000000,12,17,26,33,35,39,10
2019/07/23,000000,12,14,35,37,42,47,06
2019/07/26,000000,04,11,36,40,41,48,49
2019/07/30,000000,04,12,21,24,33,35,42
2019/08/02,000000,05,34,42,46,48,49,14
2019/08/06,000000,01,10,20,37,38,49,31
2019/08/09,000000,04,13,18,26,41,48,33
2019/08/13,000000,05,21,25,32,36,41,33
2019/08/16,000000,07,08,31,33,41,45,39
2019/08/20,000000,01,16,19,27,35,42,41
2019/08/23,000000,05,17,19,21,42,43,16
2019/08/27,000000,01,04,08,10,45,47,41
2019/08/30,000000,06,26,35,42,44,48,07
2019/09/03,000000,11,13,25,32,33,48,31
2019/09/06,000000,02,14,19,20,26,43,23
2019/09/10,000000,03,12,17,20,29,38,47
2019/09/13,000000,02,07,15,27,37,39,43
2019/09/17,000000,12,18,29,40,41,48,24
2019/09/20,000000,08,17,23,24,31,34,25
2019/09/24,000000,02,16,18,20,22,39,21
2019/09/27,000000,10,21,25,26,35,37,04
2019/10/01,000000,02,09,12,15,20,49,40
2019/10/04,000000,10,21,23,33,42,48,41
2019/10/08,000000,07,13,18,21,26,34,08
2019/10/11,000000,07,12,17,21,30,37,49
2019/10/15,000000,13,21,28,35,37,38,33
2019/10/18,000000,03,23,32,36,39,40,49
2019/10/22,000000,06,17,22,23,32,42,13
2019/10/25,000000,03,08,14,16,26,36,41
2019/10/29,000000,03,10,12,22,36,41,18
2019/11/01,000000,12,15,23,33,41,42,11
2019/11/05,000000,09,13,22,37,40,42,26
2019/11/08,000000,01,03,09,26,40,47,15
2019/11/12,000000,01,19,25,27,31,40,12
2019/11/15,000000,03,06,11,16,26,44,31
2019/11/19,000000,05,15,30,35,38,47,18
2019/11/22,000000,03,18,23,24,26,49,32
2019/11/26,000000,08,10,15,19,36,45,37
2019/11/29,000000,10,21,24,30,35,45,22
2019/12/03,000000,05,09,11,15,36,45,27
2019/12/06,000000,16,18,22,23,24,41,39
2019/12/10,000000,03,08,18,19,41,48,36
2019/12/13,000000,07,12,26,31,37,49,17
2019/12/17,000000,09,21,27,31,38,49,03
2019/12/20,000000,16,21,22,28,32,46,24
2019/12/24,000000,09,18,31,45,48,49,22
2019/12/27,000000,17,18,25,32,43,45,05
2019/12/31,000000,10,14,26,38,39,47,08
2020/01/03,000000,16,18,19,29,30,47,10
2020/01/07,000000,01,05,08,15,16,38,07
2020/01/10,000000,04,07,12,17,33,38,11
2020/01/14,000000,07,20,34,37,38,47,18
2020/01/17,000000,07,09,20,42,44,45,08
2020/01/21,000000,17,22,30,38,44,48,36
2020/01/23,000000,13,18,23,30,44,48,37
2020/01/24,000000,07,13,18,21,38,44,03
2020/01/25,000000,05,13,16,31,41,45,09
2020/01/26,000000,03,28,29,35,41,47,48
2020/01/27,000000,09,12,23,33,39,45,24
2020/01/28,000000,02,03,13,20,28,38,40
2020/01/29,000000,01,04,09,14,15,49,32
2020/01/30,000000,06,24,35,41,46,49,09
2020/01/31,000000,14,16,19,28,32,49,01
2020/02/01,000000,02,10,12,20,26,34,28
2020/02/02,000000,03,16,17,30,33,37,29
2020/02/04,000000,03,23,27,28,37,48,08
2020/02/07,000000,05,15,19,22,30,42,31
2020/02/11,000000,09,22,23,37,43,46,38
2020/02/14,000000,07,13,23,33,35,36,09
2020/02/18,000000,04,13,31,35,37,42,49
2020/02/21,000000,13,15,27,34,35,39,31
2020/02/25,000000,01,02,08,44,47,48,09
2020/02/28,000000,02,09,18,27,46,48,25
2020/03/03,000000,08,10,11,17,28,42,40
2020/03/06,000000,08,12,13,15,16,30,45
2020/03/10,000000,01,04,12,25,34,37,42
2020/03/13,000000,14,22,32,33,34,49,31
2020/03/17,000000,10,17,28,29,43,47,04
2020/03/20,000000,01,08,13,43,46,48,29
2020/03/24,000000,10,12,16,29,41,45,01
2020/03/27,000000,02,08,10,16,23,49,41
2020/03/31,000000,06,21,26,34,36,49,23
2020/04/03,000000,02,17,32,43,45,47,34
2020/04/07,000000,04,07,12,18,27,44,23
2020/04/10,000000,13,33,41,47,48,49,01
2020/04/14,000000,17,19,21,26,33,45,12
2020/04/17,000000,01,21,31,33,42,44,22
2020/04/21,000000,01,02,29,33,45,47,39
2020/04/24,000000,07,10,14,15,17,39,45
2020/04/28,000000,16,29,36,39,43,48,42
2020/05/01,000000,05,18,25,34,48,49,45
2020/05/05,000000,17,19,24,36,43,49,26
2020/05/08,000000,08,09,10,24,27,31,33
2020/05/12,000000,01,05,08,11,35,36,26
2020/05/15,000000,06,11,31,40,42,45,43
2020/05/19,000000,27,32,33,40,43,44,37
2020/05/22,000000,03,07,10,13,39,46,29
2020/05/26,000000,01,05,25,29,33,38,19
2020/05/29,000000,31,35,39,40,45,49,41
2020/06/02,000000,01,06,22,25,33,48,19
2020/06/05,000000,03,05,08,24,26,49,19
2020/06/09,000000,08,17,28,35,36,47,41
2020/06/12,000000,01,06,28,30,33,48,27
2020/06/16,000000,06,13,20,23,29,46,42
2020/06/19,000000,01,15,16,25,43,46,06
2020/06/23,000000,01,02,16,22,27,45,13
2020/06/26,000000,10,12,16,37,40,41,05
2020/06/30,000000,26,29,31,43,46,49,06
2020/07/03,000000,13,19,20,24,40,45,33
2020/07/07,000000,04,17,22,34,44,46,13
2020/07/10,000000,04,05,22,27,46,49,41
2020/07/14,000000,04,10,24,29,32,49,43
2020/07/17,000000,05,06,15,25,30,41,29
2020/07/21,000000,03,16,25,31,33,36,14
2020/07/24,000000,02,20,21,24,35,37,09
2020/07/28,000000,08,10,22,23,29,35,02
2020/07/31,000000,16,17,18,19,33,45,25
2020/08/04,000000,01,05,11,19,31,33,06
2020/08/07,000000,06,09,19,40,44,45,01
2020/08/11,000000,08,12,40,42,44,47,05
2020/08/14,000000,16,20,24,25,31,33,37
2020/08/18,000000,04,22,30,43,45,47,15
2020/08/21,000000,05,14,40,44,45,46,32
2020/08/25,000000,02,23,28,35,46,48,33
2020/08/28,000000,13,14,19,22,23,36,24
2020/09/01,000000,01,02,06,08,38,43,24
2020/09/04,000000,02,09,11,13,39,43,35
2020/09/08,000000,01,02,09,20,26,48,36
2020/09/11,000000,01,26,29,39,48,49,09
2020/09/15,000000,07,16,29,32,37,48,21
2020/09/18,000000,03,29,30,32,43,44,35
2020/09/22,000000,03,04,05,08,24,29,07
2020/09/25,000000,10,31,35,36,39,48,27
2020/09/29,000000,01,07,08,33,42,47,31
2020/10/02,000000,11,15,16,18,24,26,46
2020/10/06,000000,04,05,22,23,34,40,37
2020/10/09,000000,02,07,19,25,42,47,06
2020/10/13,000000,01,03,15,27,39,41,20
2020/10/16,000000,07,25,28,33,44,47,19
2020/10/20,000000,05,17,18,28,30,39,13
2020/10/23,000000,03,09,20,25,26,35,39
2020/10/27,000000,02,09,19,28,30,32,35
2020/10/30,000000,06,10,13,19,40,45,07
2020/11/03,000000,06,11,15,30,32,44,29
2020/11/06,000000,05,09,25,39,44,46,02
2020/11/10,000000,05,17,19,21,28,29,43
2020/11/13,000000,07,09,12,15,25,29,47
2020/11/17,000000,06,14,18,20,38,41,29
2020/11/20,000000,16,27,29,35,37,48,31
2020/11/24,000000,05,29,36,38,44,45,23
2020/11/27,000000,01,19,26,30,35,48,11
2020/12/01,000000,04,22,29,37,44,49,30
2020/12/04,000000,02,13,27,30,41,44,40
2020/12/08,000000,02,04,10,15,31,45,17
2020/12/11,000000,08,17,36,37,42,43,34
2020/12/15,000000,02,06,17,21,43,48,41
2020/12/18,000000,02,11,24,26,30,41,01
2020/12/22,000000,20,22,25,30,31,45,02
2020/12/25,000000,01,05,06,19,29,30,39
2020/12/29,000000,10,14,33,34,35,39,40
2021/01/01,000000,05,37,41,42,46,49,18
2021/01/05,000000,08,13,17,20,43,48,38
2021/01/08,000000,04,18,24,26,43,47,33
2021/01/12,000000,01,10,20,28,37,44,33
2021/01/15,000000,03,04,08,11,42,44,21
2021/01/19,000000,15,29,31,33,41,47,37
2021/01/22,000000,07,30,34,36,45,46,43
2021/01/26,000000,08,20,23,37,43,46,44
2021/01/29,000000,14,22,30,31,39,40,49
2021/02/02,000000,14,34,35,38,43,47,40
2021/02/05,000000,05,09,19,31,33,35,32
2021/02/09,000000,01,03,06,12,27,43,02
2021/02/10,000000,03,18,24,34,41,42,37
2021/02/11,000000,07,17,18,26,41,47,39
2021/02/12,000000,05,06,10,12,44,48,36
2021/02/13,000000,13,30,37,40,43,46,05
2021/02/14,000000,01,12,16,17,38,45,32
2021/02/15,000000,04,08,10,18,33,40,02
2021/02/16,000000,01,09,11,12,37,46,43
2021/02/17,000000,02,13,24,26,45,49,10
2021/02/18,000000,01,03,09,41,42,48,27
2021/02/19,000000,02,28,31,36,40,45,24
2021/02/20,000000,01,06,10,11,26,47,22
2021/02/21,000000,09,18,25,27,32,39,40
2021/02/23,000000,01,06,18,19,20,42,43
2021/02/26,000000,04,13,22,23,39,42,26
2021/03/02,000000,05,07,11,24,27,30,12
2021/03/05,000000,06,08,14,29,38,48,35
2021/03/09,000000,08,09,13,29,36,46,23
2021/03/12,000000,08,21,26,30,33,46,45
2021/03/16,000000,08,19,22,24,30,43,13
2021/03/19,000000,07,19,28,35,38,48,08
2021/03/23,000000,02,15,28,43,45,49,35
2021/03/26,000000,15,21,24,30,37,38,34
2021/03/30,000000,17,22,23,25,31,33,03
2021/04/02,000000,17,21,25,30,40,42,26
2021/04/06,000000,01,22,26,28,34,38,35
2021/04/09,000000,06,09,18,25,29,35,46
2021/04/13,000000,11,25,31,32,35,42,41
2021/04/16,000000,07,10,16,21,33,46,02
2021/04/20,000000,05,07,09,15,24,26,12
2021/04/23,000000,18,20,23,32,37,46,39
2021/04/27,000000,05,08,20,23,34,39,31
2021/04/30,000000,04,14,22,42,46,47,21
2021/05/04,000000,05,15,17,19,27,37,42
2021/05/07,000000,12,22,26,35,36,49,32
2021/05/11,000000,05,07,09,27,35,42,19
2021/05/14,000000,02,13,14,30,43,48,17
2021/05/18,000000,11,15,16,18,35,43,46
2021/05/21,000000,02,04,25,26,27,29,41
2021/05/25,000000,15,31,38,44,46,48,21
2021/05/28,000000,04,12,18,23,43,46,07
2021/06/01,000000,01,02,09,26,35,41,46
2021/06/04,000000,07,08,24,28,32,41,10
2021/06/08,000000,04,06,26,36,38,47,43
2021/06/11,000000,07,09,16,23,27,44,46
2021/06/15,000000,09,11,23,34,41,45,49
2021/06/18,000000,02,18,22,25,41,43,14
2021/06/22,000000,14,17,27,43,45,48,41
2021/06/25,000000,01,04,09,37,38,41,40
2021/06/29,000000,01,23,25,30,38,45,14
2021/07/02,000000,04,09,11,25,27,29,22
2021/07/06,000000,13,19,25,32,42,44,02
2021/07/09,000000,03,13,24,26,27,29,09
2021/07/13,000000,09,14,17,23,33,48,04
2021/07/16,000000,13,16,17,19,39,44,42
2021/07/20,000000,01,08,32,41,44,49,23
2021/07/23,000000,07,15,23,24,31,38,09
2021/07/27,000000,03,28,30,42,43,46,15
2021/07/30,000000,02,15,19,29,43,46,23
2021/08/03,000000,17,27,30,38,42,44,24
2021/08/06,000000,03,04,15,29,32,39,38
2021/08/10,000000,01,03,16,17,24,25,46
2021/08/13,000000,05,06,19,24,33,41,03
2021/08/17,000000,02,11,29,33,41,44,40
2021/08/20,000000,03,06,11,13,18,37,46
2021/08/24,000000,01,05,17,36,40,41,38
2021/08/27,000000,08,11,16,32,35,43,41
2021/08/31,000000,07,14,23,43,47,49,48
2021/09/03,000000,01,18,21,24,32,41,12
2021/09/07,000000,04,20,26,27,45,48,37
2021/09/10,000000,01,05,15,16,28,41,44
2021/09/14,000000,09,13,18,22,40,41,49
2021/09/17,000000,07,12,18,35,37,45,44
2021/09/21,000000,02,13,16,28,31,34,21
2021/09/24,000000,04,10,21,30,39,42,22
2021/09/28,000000,23,24,27,36,47,49,40
2021/10/01,000000,02,09,16,22,41,49,07
2021/10/05,000000,01,03,11,23,46,47,45
2021/10/08,000000,18,19,20,34,37,44,10
2021/10/12,000000,01,06,14,26,28,31,30
2021/10/15,000000,02,12,21,25,26,37,10
2021/10/19,000000,20,21,26,35,39,47,16
2021/10/22,000000,08,13,25,27,38,46,12
2021/10/26,000000,14,18,21,26,47,49,30
2021/10/29,000000,02,09,17,28,36,42,46
2021/11/02,000000,01,12,17,21,37,43,47
2021/11/05,000000,16,18,26,30,40,44,13
2021/11/09,000000,09,14,20,26,39,42,05
2021/11/12,000000,02,03,25,27,37,47,26
2021/11/16,000000,06,23,34,41,43,44,38
2021/11/19,000000,13,15,16,17,23,36,29
2021/11/23,000000,06,07,13,32,33,37,42
2021/11/26,000000,10,15,16,21,22,30,14
2021/11/30,000000,09,10,26,31,40,49,08
2021/12/03,000000,08,13,14,35,36,41,05
2021/12/07,000000,19,21,30,43,44,48,08
2021/12/10,000000,03,15,21,24,27,40,13
2021/12/14,000000,07,14,21,27,30,36,43
2021/12/17,000000,02,11,30,35,37,40,13
2021/12/21,000000,04,05,27,31,44,48,33
2021/12/24,000000,02,07,11,19,27,44,22
2021/12/28,000000,01,02,08,11,21,45,16
2021/12/31,000000,05,09,14,28,34,37,35
2022/01/04,000000,03,04,07,19,22,43,36
2022/01/07,000000,06,09,15,31,38,39,25
2022/01/11,000000,10,11,13,17,36,49,41
2022/01/14,000000,05,13,14,24,26,35,39
2022/01/18,000000,19,22,33,35,38,48,11
2022/01/21,000000,15,26,27,34,37,42,47
2022/01/25,000000,02,09,10,15,27,35,44
2022/01/28,000000,07,12,36,41,42,44,29
2022/01/29,000000,01,02,20,23,26,34,19
2022/01/30,000000,03,08,15,20,22,23,36
2022/01/31,000000,04,14,32,33,43,44,49
2022/02/01,000000,08,25,34,44,45,47,24
2022/02/02,000000,06,11,18,23,33,41,39
2022/02/03,000000,05,09,18,22,34,36,11
2022/02/04,000000,01,18,21,29,36,38,16
2022/02/05,000000,02,04,13,36,41,49,16
2022/02/06,000000,12,24,29,34,38,42,33
2022/02/07,000000,03,18,23,32,40,45,38
2022/02/08,000000,05,23,29,33,38,49,24
2022/02/09,000000,02,07,11,18,35,45,25
2022/02/10,000000,01,22,25,27,41,44,03
2022/02/11,000000,23,24,30,42,44,46,48
2022/02/15,000000,18,23,26,27,40,42,03
2022/02/18,000000,16,20,36,39,47,48,35
2022/02/22,000000,03,21,22,34,37,40,05
2022/02/25,000000,17,18,21,26,38,49,20
2022/03/01,000000,07,17,19,24,31,45,38
2022/03/04,000000,01,03,18,29,30,31,26
2022/03/08,000000,13,14,16,19,30,44,20
2022/03/11,000000,03,04,08,15,21,24,29
2022/03/15,000000,01,31,33,37,46,47,36
2022/03/18,000000,02,15,21,26,42,44,45
2022/03/22,000000,07,21,26,36,43,49,16
2022/03/25,000000,14,17,22,45,47,49,26
2022/03/29,000000,16,21,24,27,29,43,41
2022/04/01,000000,03,10,11,20,34,38,04
2022/04/05,000000,08,15,24,27,31,33,13
2022/04/08,000000,10,15,19,29,31,44,23
2022/04/12,000000,14,17,18,22,40,42,37
2022/04/15,000000,02,09,11,14,15,30,22
2022/04/19,000000,04,05,18,20,30,41,23
2022/04/22,000000,03,28,32,36,47,49,16
2022/04/26,000000,12,31,32,42,43,49,36
2022/04/29,000000,12,14,18,25,44,48,45
2022/05/03,000000,14,16,18,19,21,23,03
2022/05/06,000000,01,05,19,28,45,49,29
2022/05/10,000000,02,11,20,24,32,48,27
2022/05/13,000000,10,24,27,36,37,48,29
2022/05/17,000000,09,22,28,29,34,37,36
2022/05/20,000000,05,08,12,22,42,49,46
2022/05/24,000000,04,19,24,35,45,46,02
2022/05/27,000000,04,11,18,37,39,46,27
2022/05/31,000000,10,11,17,25,27,28,31
2022/06/03,000000,04,11,39,42,43,48,44
2022/06/07,000000,04,17,18,19,31,44,46
2022/06/10,000000,05,10,13,28,29,38,34
2022/06/14,000000,03,09,20,28,29,47,35
2022/06/17,000000,07,11,28,30,46,47,48
2022/06/21,000000,03,14,20,34,41,44,43
2022/06/24,000000,03,18,26,29,40,43,13
2022/06/28,000000,21,24,25,41,42,45,34
2022/07/01,000000,14,20,29,32,34,43,02
2022/07/05,000000,03,08,26,38,45,47,35
2022/07/08,000000,05,09,15,35,40,44,10
2022/07/12,000000,07,14,17,20,29,45,30
2022/07/15,000000,14,15,27,41,43,49,39
2022/07/19,000000,09,16,23,29,40,41,43
2022/07/22,000000,11,12,24,30,33,38,31
2022/07/26,000000,10,12,17,27,29,39,47
2022/07/29,000000,12,18,19,21,33,37,15
2022/08/02,000000,02,26,28,29,37,48,05
2022/08/05,000000,05,18,21,30,43,46,26
2022/08/09,000000,09,11,21,23,30,33,34
2022/08/12,000000,04,07,15,21,37,43,05
2022/08/16,000000,01,07,11,16,18,31,24
2022/08/19,000000,03,04,10,21,28,41,15
2022/08/23,000000,06,23,24,25,47,49,05
2022/08/26,000000,04,16,17,30,38,42,05
2022/08/30,000000,05,08,16,27,35,45,37
2022/09/02,000000,20,23,25,36,43,45,38
2022/09/06,000000,26,32,35,36,38,49,39
2022/09/09,000000,07,15,17,28,36,39,01
2022/09/13,000000,07,10,15,21,34,48,38
2022/09/16,000000,02,06,07,27,31,44,28
2022/09/20,000000,11,13,24,29,35,43,01
2022/09/23,000000,02,12,30,31,44,48,46
2022/09/27,000000,10,17,28,34,40,43,29
2022/09/30,000000,05,12,18,28,34,39,24
2022/10/04,000000,13,14,23,34,43,49,44
2022/10/07,000000,05,10,15,16,26,30,12
2022/10/11,000000,01,03,23,25,42,46,02
2022/10/14,000000,01,11,13,25,32,36,30
2022/10/18,000000,01,14,27,38,39,47,49
2022/10/21,000000,11,20,36,37,42,49,03
2022/10/25,000000,18,32,36,43,48,49,23
2022/10/28,000000,17,18,19,23,25,32,26
2022/11/01,000000,17,24,28,32,34,40,03
2022/11/04,000000,11,21,23,30,36,47,06
2022/11/08,000000,15,18,37,39,44,47,43
2022/11/11,000000,02,10,19,20,36,48,37
2022/11/15,000000,19,20,26,29,34,39,04
2022/11/18,000000,10,17,27,37,44,45,22
2022/11/22,000000,05,13,18,24,27,48,32
2022/11/25,000000,14,15,20,26,35,41,36
2022/11/29,000000,06,21,34,37,46,49,18
2022/12/02,000000,08,22,28,40,41,45,34
2022/12/06,000000,10,15,27,32,39,42,28
2022/12/09,000000,10,16,22,40,45,48,31
2022/12/13,000000,06,09,12,14,33,47,34
2022/12/16,000000,06,11,12,40,47,49,28
2022/12/20,000000,03,04,12,16,29,32,39
2022/12/23,000000,09,13,32,34,35,39,01
2022/12/27,000000,03,11,16,21,22,39,04
2022/12/30,000000,05,08,14,17,20,46,07
2023/01/03,000000,02,04,08,19,24,39,28
2023/01/06,000000,19,22,29,36,43,46,30
2023/01/10,000000,15,21,22,30,41,42,24
2023/01/13,000000,05,21,23,24,40,44,17
2023/01/17,000000,05,17,23,24,36,42,16
2023/01/20,000000,16,25,27,31,34,42,06
2023/01/21,000000,01,05,16,21,23,25,30
2023/01/22,000000,06,08,10,22,27,29,23
2023/01/23,000000,07,10,18,23,34,35,09
2023/01/24,000000,02,04,18,20,30,32,10
2023/01/25,000000,02,03,08,23,24,27,14
2023/01/26,000000,10,12,13,21,40,42,49
2023/01/27,000000,04,13,28,33,38,39,42
2023/01/28,000000,01,19,23,30,35,48,45
2023/01/29,000000,02,08,09,15,27,31,42
2023/01/30,000000,07,18,23,39,41,43,25
2023/01/31,000000,01,26,33,36,40,42,37
2023/02/01,000000,05,08,19,23,33,46,48
2023/02/02,000000,08,13,19,21,31,45,37
2023/02/03,000000,03,14,25,29,44,45,46
2023/02/04,000000,02,14,20,21,22,49,38
2023/02/05,000000,05,19,25,33,38,42,41
2023/02/07,000000,03,08,11,18,28,47,05
2023/02/10,000000,07,11,24,28,33,46,03
2023/02/14,000000,11,22,23,30,31,49,14
2023/02/17,000000,07,09,14,16,26,33,27
2023/02/21,000000,01,05,06,11,26,46,41
2023/02/24,000000,15,38,39,40,45,48,02
2023/02/28,000000,02,11,25,26,27,35,10
2023/03/03,000000,13,16,18,22,34,42,14
2023/03/07,000000,13,17,23,25,32,41,16
2023/03/10,000000,15,19,29,32,39,40,35
2023/03/14,000000,03,04,11,12,20,37,05
2023/03/17,000000,06,07,10,24,29,40,16
2023/03/21,000000,03,11,20,30,41,45,28
2023/03/24,000000,02,14,26,34,40,46,13
2023/03/28,000000,03,10,26,35,37,44,15
2023/03/31,000000,10,22,26,29,45,47,41
2023/04/04,000000,10,19,21,33,35,47,09
2023/04/07,000000,04,11,20,25,32,39,30
2023/04/11,000000,09,12,30,31,33,37,25
2023/04/14,000000,10,22,23,35,46,49,02
2023/04/18,000000,06,08,10,28,41,43,45
2023/04/21,000000,07,11,23,25,27,43,05
2023/04/25,000000,05,12,13,27,28,41,37
2023/04/28,000000,05,31,38,41,43,47,28
2023/05/02,000000,08,09,14,37,42,46,10
2023/05/05,000000,10,13,16,19,21,48,30
2023/05/09,000000,01,21,22,29,31,44,03
2023/05/12,000000,02,07,09,18,20,48,14
2023/05/16,000000,01,19,26,34,38,43,48
2023/05/19,000000,05,08,09,35,38,44,31
2023/05/23,000000,05,20,23,38,44,46,33
2023/05/26,000000,05,10,12,15,30,36,26
2023/05/30,000000,05,06,09,29,43,45,27
2023/06/02,000000,01,05,13,16,23,34,49
2023/06/06,000000,08,13,27,30,41,43,18
2023/06/09,000000,30,32,36,38,46,49,26
2023/06/13,000000,01,06,08,09,10,21,02
2023/06/16,000000,02,21,22,30,33,41,42
2023/06/20,000000,05,15,32,34,37,41,11
2023/06/23,000000,04,08,23,31,42,49,16
2023/06/27,000000,13,24,30,37,43,44,04
2023/06/30,000000,06,22,26,29,32,43,38
2023/07/04,000000,06,12,15,16,24,41,21
2023/07/07,000000,03,06,15,21,24,33,14
2023/07/11,000000,10,21,26,34,48,49,39
2023/07/14,000000,10,15,17,33,34,45,36
2023/07/18,000000,04,05,16,19,34,40,10
2023/07/21,000000,03,15,35,39,41,49,38
2023/07/25,000000,12,17,28,33,40,45,39
2023/07/28,000000,01,03,22,25,34,44,32
2023/08/01,000000,11,26,37,38,40,41,28
2023/08/04,000000,06,10,21,34,38,41,47
2023/08/08,000000,11,26,28,30,41,45,22
2023/08/11,000000,08,27,34,38,39,47,30
2023/08/15,000000,10,22,26,30,34,43,41
2023/08/18,000000,13,19,21,24,41,45,44
2023/08/22,000000,02,19,26,34,43,46,31
2023/08/25,000000,02,10,20,31,33,46,24
2023/08/29,000000,06,07,10,22,41,42,31
2023/09/01,000000,01,19,26,34,45,49,37
2023/09/05,000000,12,14,32,34,40,48,39
2023/09/08,000000,14,20,23,33,34,40,24
2023/09/12,000000,21,22,26,33,34,35,46
2023/09/15,000000,12,16,19,30,37,39,14
2023/09/19,000000,03,16,24,35,37,41,27
2023/09/22,000000,02,13,32,36,38,43,34
2023/09/26,000000,09,14,26,37,38,39,08
2023/09/29,000000,06,09,18,35,38,48,25
2023/10/03,000000,03,22,29,31,40,44,48
2023/10/06,000000,06,16,21,27,30,49,26
2023/10/10,000000,03,08,17,33,34,48,11
2023/10/13,000000,01,09,13,14,28,30,31
2023/10/17,000000,05,12,13,20,24,34,27
2023/10/20,000000,32,37,38,39,40,44,24
2023/10/24,000000,07,29,34,41,43,49,22
2023/10/27,000000,06,15,22,27,28,31,24
2023/10/31,000000,02,10,18,36,42,47,24
2023/11/03,000000,08,20,24,28,40,48,03
2023/11/07,000000,07,08,21,41,44,47,13
2023/11/10,000000,02,04,06,08,11,31,26
2023/11/14,000000,06,12,15,30,38,43,41
2023/11/17,000000,15,30,31,34,40,45,47
2023/11/21,000000,16,21,26,30,37,47,31
2023/11/24,000000,09,16,20,42,43,48,02
2023/11/28,000000,12,18,23,27,33,44,39
2023/12/01,000000,04,15,18,23,40,47,42
2023/12/05,000000,10,14,30,38,42,48,37
2023/12/08,000000,05,08,22,27,28,29,16
2023/12/12,000000,06,20,30,33,38,46,16
2023/12/15,000000,01,09,22,28,33,39,07
2023/12/19,000000,14,18,20,26,38,48,02
2023/12/22,000000,08,09,20,34,35,49,40
2023/12/26,000000,08,19,28,29,30,46,10
2023/12/29,000000,01,11,23,31,39,46,17
2024/01/02,000000,04,14,18,21,36,38,01
2024/01/05,000000,02,20,23,30,35,47,40
2024/01/09,000000,12,29,31,37,44,49,03
2024/01/12,000000,04,25,29,38,42,46,06
2024/01/16,000000,01,03,20,21,36,40,44
2024/01/19,000000,01,03,07,19,31,46,40
2024/01/23,000000,02,14,17,26,27,47,04
2024/01/26,000000,02,11,20,34,46,47,40
2024/01/30,000000,07,19,30,38,40,45,27
2024/02/02,000000,05,09,25,35,38,39,24
2024/02/06,000000,14,19,23,26,34,40,05
2024/02/07,000000,20,22,31,34,35,37,07
2024/02/08,000000,05,08,25,31,39,47,22
2024/02/09,000000,03,07,16,20,25,30,37
2024/02/10,000000,05,06,11,13,28,34,04
2024/02/11,000000,11,13,23,29,44,45,27
2024/02/12,000000,16,22,37,46,47,49,04
2024/02/13,000000,02,03,06,39,44,47,34
2024/02/14,000000,07,12,19,26,32,39,44
2024/02/15,000000,04,08,18,19,20,33,03
2024/02/16,000000,19,24,33,42,43,45,16
2024/02/17,000000,04,05,20,27,32,40,06
2024/02/18,000000,06,12,24,32,36,44,45
2024/02/19,000000,02,10,17,32,38,48,08
2024/02/20,000000,06,08,17,27,34,46,25
2024/02/21,000000,13,21,25,27,31,43,47
2024/02/22,000000,09,11,18,31,39,46,05
2024/02/23,000000,03,08,09,21,34,49,22
2024/02/24,000000,08,15,21,27,46,48,31
2024/02/27,000000,07,15,17,29,41,42,28
2024/03/01,000000,01,29,30,39,46,47,17
2024/03/05,000000,10,15,21,24,26,38,37
2024/03/08,000000,07,26,27,29,36,40,32
2024/03/12,000000,03,13,22,27,45,49,17
2024/03/15,000000,08,18,33,37,40,43,31
2024/03/19,000000,08,14,19,20,21,36,28
2024/03/22,000000,04,16,38,40,41,48,35
2024/03/26,000000,06,19,21,29,32,46,11
2024/03/29,000000,02,03,13,15,43,48,01
2024/04/02,000000,27,32,38,39,46,49,24
2024/04/05,000000,04,31,35,38,40,48,18
2024/04/09,000000,03,16,17,19,22,26,01
2024/04/12,000000,03,05,12,15,17,39,24
2024/04/16,000000,05,08,17,33,35,40,10
2024/04/19,000000,07,10,16,22,31,46,42
2024/04/23,000000,13,14,17,32,33,36,31
2024/04/26,000000,13,21,22,26,33,34,35
2024/04/30,000000,03,09,13,22,33,43,14
2024/05/03,000000,06,11,12,22,34,39,42
2024/05/07,000000,07,09,15,28,30,33,26
2024/05/10,000000,15,19,30,35,38,41,25
2024/05/14,000000,06,07,10,25,32,43,33
2024/05/17,000000,15,33,34,40,41,49,27
2024/05/21,000000,01,30,34,35,38,42,15
2024/05/24,000000,04,23,24,28,30,40,41
2024/05/28,000000,12,17,18,21,33,37,09
2024/05/31,000000,08,14,16,19,23,32,49
2024/06/04,000000,07,30,33,34,35,46,49
2024/06/07,000000,19,24,29,36,37,43,17
2024/06/11,000000,07,10,12,27,36,46,18
2024/06/14,000000,01,07,09,18,36,47,32
2024/06/18,000000,06,24,31,35,36,42,18
2024/06/21,000000,02,17,31,42,44,46,10
2024/06/25,000000,06,08,12,29,41,48,14
2024/06/28,000000,10,11,25,31,36,41,27
2024/07/02,000000,01,33,38,39,41,45,46
2024/07/05,000000,02,11,20,25,37,49,42
2024/07/09,000000,15,18,19,31,39,40,25
2024/07/12,000000,02,13,19,33,46,49,23
2024/07/16,000000,04,12,22,29,36,47,15
2024/07/19,000000,11,13,25,28,33,40,31
2024/07/23,000000,03,06,10,23,33,35,24
2024/07/26,000000,06,19,23,35,41,46,08
2024/07/30,000000,05,15,24,35,46,48,17
2024/08/02,000000,02,04,05,15,20,33,25
2024/08/06,000000,20,27,31,33,38,46,23
2024/08/09,000000,14,20,27,42,44,47,40
2024/08/13,000000,02,28,30,37,40,48,08
2024/08/16,000000,04,06,14,31,44,45,01
2024/08/20,000000,12,13,18,28,39,49,02
2024/08/23,000000,16,20,32,34,37,43,17
2024/08/27,000000,12,22,24,38,40,46,21
2024/08/30,000000,02,17,25,29,32,38,24
2024/09/03,000000,05,22,25,27,36,41,11
2024/09/06,000000,09,15,17,38,45,49,47
2024/09/10,000000,06,14,16,25,35,38,31
2024/09/13,000000,13,17,26,39,43,48,03
2024/09/17,000000,26,34,35,40,44,46,32
2024/09/20,000000,04,08,18,30,35,49,11
2024/09/24,000000,05,13,14,16,37,48,39
2024/09/27,000000,02,03,05,21,45,49,47
2024/10/01,000000,10,12,13,19,27,33,30
2024/10/04,000000,12,17,19,27,38,42,40
2024/10/08,000000,03,05,07,31,33,45,19
2024/10/11,000000,07,09,12,21,26,32,27
2024/10/15,000000,05,10,13,28,39,41,49
2024/10/18,000000,14,20,26,43,45,49,07
2024/10/22,000000,02,24,29,30,38,49,47
2024/10/25,000000,07,19,25,35,36,38,42
2024/10/29,000000,19,26,36,38,39,49,16
2024/11/01,000000,06,10,23,27,34,47,22
2024/11/05,000000,04,17,21,30,41,49,48
2024/11/08,000000,01,11,42,46,47,49,07
2024/11/12,000000,11,25,26,33,34,41,27
2024/11/15,000000,24,25,30,36,41,43,21
2024/11/19,000000,05,07,11,22,25,44,13
2024/11/22,000000,14,16,22,33,36,48,03
2024/11/26,000000,11,40,42,45,47,49,27
2024/11/29,000000,13,20,28,32,38,49,46
2024/12/03,000000,05,06,07,12,17,35,45
2024/12/06,000000,09,15,18,33,44,47,28
2024/12/10,000000,01,05,08,26,47,49,38
2024/12/13,000000,07,11,28,29,38,39,33
2024/12/17,000000,08,10,22,24,31,34,44
2024/12/20,000000,03,08,18,26,40,46,22
2024/12/24,000000,05,09,10,29,35,48,13
2024/12/27,000000,21,26,28,30,32,34,40
2024/12/31,000000,10,25,34,35,42,48,21
2025/01/03,000000,06,09,15,29,30,48,23
2025/01/07,000000,01,08,20,26,29,35,19
2025/01/10,000000,14,29,35,36,37,49,40
2025/01/14,000000,01,03,13,15,37,48,42
2025/01/17,000000,11,18,32,39,44,49,46
2025/01/21,000000,06,21,35,36,38,42,22
2025/01/24,000000,06,22,23,30,36,37,13
2025/01/25,000000,02,03,10,12,34,40,41
2025/01/26,000000,07,12,16,31,40,43,34
2025/01/27,000000,11,22,30,35,37,38,33
2025/01/28,000000,04,08,20,26,31,34,16
2025/01/29,000000,15,17,22,26,32,42,12
2025/01/30,000000,05,08,27,29,30,48,35
2025/01/31,000000,07,11,13,23,39,42,15
2025/02/01,000000,02,09,10,18,39,40,08
2025/02/02,000000,10,16,25,28,33,37,13
2025/02/03,000000,07,20,29,32,33,39,47
2025/02/04,000000,15,17,21,26,30,47,48
2025/02/05,000000,03,06,13,32,33,41,44
2025/02/06,000000,02,05,18,19,42,45,11
2025/02/07,000000,14,22,25,44,46,49,16
2025/02/08,000000,03,06,23,26,40,43,02
2025/02/09,000000,04,06,13,14,22,25,35
2025/02/10,000000,01,18,28,34,35,43,24
2025/02/11,000000,07,19,25,27,34,35,12
2025/02/12,000000,12,30,31,37,47,49,38
2025/02/14,000000,08,11,14,29,33,45,34
2025/02/18,000000,05,09,10,31,35,37,30
2025/02/21,000000,02,07,27,30,38,49,06
2025/02/25,000000,13,15,24,37,38,43,44
2025/02/28,000000,07,19,25,26,38,39,04
2025/03/04,000000,07,21,31,36,46,47,08
2025/03/07,000000,05,07,26,30,40,48,08
2025/03/11,000000,02,18,25,37,38,47,42
2025/03/14,000000,06,07,13,17,21,23,48
2025/03/18,000000,07,08,13,17,29,36,18
2025/03/21,000000,13,25,29,40,46,47,22
2025/03/25,000000,17,24,40,41,46,48,27
2025/03/28,000000,01,07,11,15,27,30,42
2025/04/01,000000,04,16,18,29,35,37,33
2025/04/04,000000,07,20,29,40,43,47,28
2025/04/08,000000,10,26,33,39,45,46,19
2025/04/11,000000,06,10,11,17,23,32,27
2025/04/15,000000,18,28,37,41,43,46,11
2025/04/18,000000,02,08,15,22,29,45,09
2025/04/22,000000,01,06,14,19,35,49,08
2025/04/25,000000,20,21,24,25,31,35,28
2025/04/29,000000,07,11,24,26,30,42,37
2025/05/02,000000,02,05,39,43,45,47,26
2025/05/06,000000,05,08,09,25,30,45,31
2025/05/09,000000,15,27,33,42,48,49,39
2025/05/13,000000,01,23,29,41,45,49,24
2025/05/16,000000,13,16,22,23,34,39,14
2025/05/20,000000,02,11,15,26,29,48,31
2025/05/23,000000,01,07,11,24,44,48,10
2025/05/27,000000,16,17,26,29,32,40,10
2025/05/30,000000,03,04,13,21,38,46,02
2025/06/03,000000,09,24,32,40,41,49,27
2025/06/06,000000,11,13,15,39,42,46,28
2025/06/10,000000,03,05,12,16,22,48,30
2025/06/13,000000,01,02,10,13,20,27,49
2025/06/17,000000,13,20,21,26,31,44,28
2025/06/20,000000,04,20,31,40,42,48,24
2025/06/24,000000,03,08,20,37,45,49,21
2025/06/27,000000,04,08,09,14,21,39,37
2025/07/01,000000,08,09,21,25,33,34,02
2025/07/04,000000,05,13,15,18,33,37,45
2025/07/08,000000,06,08,12,14,25,35,49
2025/07/11,000000,15,16,26,34,48,49,46
2025/07/15,000000,32,33,41,45,46,49,10
2025/07/18,000000,02,25,36,37,38,46,24
2025/07/22,000000,05,17,19,26,27,39,10
2025/07/25,000000,02,04,23,35,41,47,06
2025/07/29,000000,02,05,14,19,36,45,43
2025/08/01,000000,04,14,19,28,40,41,31
2025/08/05,000000,01,20,34,36,37,40,03
2025/08/08,000000,11,16,17,21,24,29,34
2025/08/12,000000,06,07,15,22,37,42,36
2025/08/15,000000,03,05,07,15,17,47,34
2025/08/19,000000,02,23,25,33,41,46,22
2025/08/22,000000,23,33,38,43,45,47,36
2025/08/26,000000,03,06,22,32,35,39,27
2025/08/29,000000,13,20,25,27,28,32,02
2025/09/02,000000,02,06,09,19,20,30,25
2025/09/05,000000,10,13,14,17,19,29,40
2025/09/09,000000,12,20,25,26,40,45,34
2025/09/12,000000,02,03,04,11,15,41,26
2025/09/16,000000,07,17,18,22,25,47,38
2025/09/19,000000,14,17,26,36,38,41,08
2025/09/23,000000,05,14,22,25,27,45,03
2025/09/26,000000,01,02,25,29,41,49,35
2025/09/30,000000,19,20,22,32,36,42,35
2025/10/03,000000,04,18,36,40,41,43,29
2025/10/07,000000,02,09,16,34,42,43,33
2025/10/10,000000,13,16,18,22,39,42,30
2025/10/14,000000,11,16,20,31,39,41,06
2025/10/17,000000,03,15,16,31,32,45,42
2025/10/21,000000,14,20,25,42,44,49,12
2025/10/24,000000,13,22,23,33,39,40,31
2025/10/28,000000,05,08,11,12,18,39,37
2025/10/31,000000,03,04,07,10,18,21,15
2025/11/04,000000,16,25,27,35,47,48,14
2025/11/07,000000,04,11,22,32,33,41,43
2025/11/11,000000,11,16,24,42,44,47,32
2025/11/14,000000,21,25,26,38,41,46,04
2025/11/18,000000,08,09,10,23,24,43,45
2025/11/21,000000,14,20,21,28,31,46,37
2025/11/25,000000,02,10,12,20,23,24,28
2025/11/28,000000,08,12,18,28,37,46,34
2025/12/02,000000,14,20,32,35,42,48,28
2025/12/05,000000,08,15,23,24,41,47,02
2025/12/09,000000,05,10,18,26,28,44,48
2025/12/12,000000,15,17,24,26,40,47,33
2025/12/16,000000,06,07,15,19,24,33,46
2025/12/19,000000,06,08,11,12,18,46,37
2025/12/23,000000,01,03,12,33,39,41,29
2025/12/26,000000,05,07,09,14,17,30,47
2025/12/30,000000,05,10,15,20,24,29,34
2026/01/02,000000,03,07,16,19,40,42,12
2026/01/06,000000,02,23,33,38,39,45,06
2026/01/09,000000,01,07,13,14,34,45,08
2026/01/13,000000,02,10,18,19,39,49,24
2026/01/16,000000,09,10,21,22,25,36,20
2026/01/20,000000,02,07,26,41,44,45,46
2026/01/23,000000,21,23,32,36,39,43,12
2026/01/27,000000,04,11,24,25,29,30,08
2026/01/30,000000,09,13,27,31,32,39,19
2026/02/03,000000,06,14,32,33,39,43,13
2026/02/06,000000,04,12,24,25,39,48,09
2026/02/10,000000,06,16,20,21,24,35,13
2026/02/12,000000,01,03,08,15,20,48,46
2026/02/13,000000,09,20,25,35,39,48,47
2026/02/14,000000,01,11,22,35,36,40,28
2026/02/15,000000,03,06,11,18,25,28,35
2026/02/16,000000,11,16,18,27,38,46,43
2026/02/17,000000,06,12,24,26,37,46,36
2026/02/18,000000,16,35,36,37,39,49,45
2026/02/19,000000,20,28,29,31,35,41,06
2026/02/20,000000,13,15,18,24,33,49,10
2026/02/21,000000,12,13,17,27,41,48,46
2026/02/22,000000,05,07,17,22,24,47,20
2026/02/23,000000,06,10,23,27,47,48,30
2026/02/24,000000,12,19,22,27,28,31,45
2026/02/25,000000,07,15,22,38,45,49,31
2026/02/26,000000,01,16,22,24,47,48,07
2026/02/27,000000,14,18,19,34,45,47,48
2026/02/28,000000,17,23,30,37,39,49,43
2026/03/01,000000,04,07,34,40,44,49,37
2026/03/02,000000,19,25,27,28,33,39,37
2026/03/03,000000,05,26,27,35,45,46,37
2026/03/06,000000,09,11,12,14,23,25,42
2026/03/10,000000,05,11,29,37,43,47,10
2026/03/13,000000,05,12,13,38,47,48,03
2026/03/17,000000,02,06,10,22,40,45,17
2026/03/20,000000,11,15,33,38,41,43,21
2026/03/24,000000,14,33,41,42,44,48,47
2026/03/27,000000,04,08,23,26,29,36,38
2026/03/31,000000,05,11,25,40,45,47,39
2026/04/03,000000,05,12,13,25,36,48,08
2026/04/07,000000,01,02,06,16,18,26,47
2026/04/10,000000,04,10,15,17,21,40,30
2026/04/14,000000,04,08,21,23,24,43,13
2026/04/17,000000,07,10,11,22,40,45,18
2026/04/21,000000,01,06,17,19,20,40,22
2026/04/24,000000,07,14,16,37,39,47,34
2026/04/28,000000,06,10,14,25,26,32,07
2026/05/01,000000,07,22,27,35,43,48,45
2026/05/05,000000,04,17,23,28,33,37,15
2026/05/08,000000,10,18,25,28,39,43,48
2026/05/12,000000,06,12,18,19,32,36,34
2026/05/15,000000,16,29,30,35,42,43,01
2026/05/19,000000,04,20,22,26,38,47,27
2026/05/22,000000,12,13,16,21,28,48,30
2026/05/26,000000,03,27,29,37,47,48,11
2026/05/29,000000,20,26,29,31,37,49,30
2026/06/02,000000,08,09,16,20,37,49,02
2026/06/05,000000,12,14,25,30,32,44,34
2026/06/09,000000,13,18,25,39,40,46,31
2026/06/12,000000,01,06,16,20,34,49,03
2026/06/16,000000,01,02,09,11,28,36,41
2026/06/19,000000,04,12,28,29,35,48,38
2026/06/23,000000,12,18,29,33,34,39,30
2026/06/26,000000,11,19,23,24,29,41,01
2026/06/30,000000,04,10,16,29,36,45,14
2026/07/03,000000,11,16,19,23,39,47,15
2026/07/07,000000,08,13,15,18,19,42,37
2026/07/10,000000,03,04,15,18,29,49,13
2026/07/14,000000,10,25,34,36,45,46,07
2026/07/17,000000,01,06,12,14,17,26,24
2026/07/21,000000,02,08,15,26,35,46,11
2026/07/24,000000,03,15,27,34,35,44,40
2026/07/28,000000,08,19,24,26,32,43,47
2026/07/31,000000,11,20,23,33,34,44,10
2026/08/04,000000,04,09,15,30,36,49,40
2026/08/07,000000,02,12,19,21,25,41,31
2026/08/11,000000,08,12,16,24,29,46,10
2026/08/14,000000,05,12,25,33,34,35,27
2026/08/18,000000,01,14,25,27,29,43,02
2026/08/21,000000,08,14,23,24,26,47,30
2026/08/25,000000,12,24,26,32,35,40,06
2026/08/28,000000,09,20,23,26,36,44,04
2026/09/01,000000,10,16,19,26,29,48,30
2026/09/04,000000,03,13,17,18,27,37,19